Open,High,Low,Close,Volume,daily_return,high_low_range,open_close_range,rolling_volatility
12202.150390625,12222.2001953125,12165.2998046875,12182.5,304100,0.0,0.0046706661707367125,0.0016130014877898625,0.0
12198.5498046875,12289.900390625,12195.25,12282.2001953125,407700,0.008183886337984836,0.007706305801880945,-0.006810700794221312,0.0
12261.099609375,12265.599609375,12191.349609375,12226.650390625,428800,-0.004522789386603554,0.006072799796167599,0.002817551631018627,0.008984976571194937
12170.599609375,12179.099609375,11974.2001953125,11993.0498046875,396500,-0.019105853072941215,0.017084846423502283,0.014804391508330468,0.013655616863680883
12079.099609375,12152.150390625,12005.349609375,12052.9501953125,447800,0.004994592001242859,0.012179655509328507,0.0021695446872973673,0.01224894155695278
11939.099609375,12044.9501953125,11929.599609375,12025.349609375,446000,-0.0022899444111396106,0.009592285437387394,-0.007172348646958191,0.010608875560819056
12153.150390625,12224.0498046875,12132.5498046875,12215.900390625,477500,0.015845758122611686,0.007490237892756639,-0.00513674784448611,0.012860884426569614
12271.0,12311.2001953125,12213.2001953125,12256.7998046875,660600,0.0033480474426501594,0.007995561774821582,0.0011585565187308734,0.01280586941039426
12296.7001953125,12337.75,12285.7998046875,12329.5498046875,501000,0.0059354808073293075,0.00421347057560442,-0.0026642991751824625,0.006572130995152698
12333.099609375,12374.25,12308.7001953125,12362.2998046875,616300,0.0026562202609821117,0.005302395648311734,-0.0023620358488173824,0.006704886603181467
12349.400390625,12355.150390625,12278.75,12343.2998046875,684400,-0.0015369308543056182,0.0061896244791839325,0.0004942427093266613,0.006502836323684117
12347.099609375,12389.0498046875,12315.7998046875,12355.5,395700,0.000988406301843714,0.005928533851321274,-0.0006798907875035409,0.0027785772879822986
12328.400390625,12385.4501953125,12321.400390625,12352.349609375,502100,-0.000254978804985595,0.0051852325033683025,-0.0019388391283730654,0.0028964785270979513
12430.5,12430.5,12216.900390625,12224.5498046875,491600,-0.010346193941151438,0.017473004142295308,0.016847262157133055,0.005076305801577033
12195.2998046875,12230.0498046875,12162.2998046875,12169.849609375,400,-0.004474618385662321,0.005567036748573214,0.002091249779528461,0.0045179145715796894
12218.349609375,12225.0498046875,12087.900390625,12106.900390625,500,-0.005172555189302153,0.011328202069681013,0.00920542956117,0.004490940025513514
12123.75,12189.0,12094.099609375,12180.349609375,867700,0.0060667236352978104,0.007791269845978546,-0.004646796782535395,0.006133264453151664
12174.5498046875,12272.150390625,12149.650390625,12248.25,593200,0.005574584704263197,0.010001428775539363,-0.006017202074786194,0.007206785305286155
12197.099609375,12216.599609375,12107.0,12119.0,441200,-0.010552527912150667,0.009043618233765162,0.006444393875319746,0.007269203771027276
12148.099609375,12163.5498046875,12024.5,12055.7998046875,478500,-0.005214967844912932,0.011533851502198558,0.0076560498832779445,0.007346680706705858
12114.900390625,12169.599609375,12103.7998046875,12129.5,514400,0.006113256399948197,0.005424774697019663,-0.0012036447813182736,0.0077944704829062805
12147.75,12150.2998046875,12010.599609375,12035.7998046875,538100,-0.0077249841553650445,0.011607055416299956,0.009301433816546162,0.007726660244226718
12100.400390625,12103.5498046875,11945.849609375,11962.099609375,771300,-0.006123414854723341,0.013183320693041744,0.011561580806567618,0.006376135710825913
11627.4501953125,11749.849609375,11614.5,11707.900390625,669800,-0.021250384719316173,0.01156053646334231,-0.006871445146297947,0.009738884173805612
11786.25,11986.150390625,11783.400390625,11979.650390625,560400,0.02321082268667074,0.016924533971264095,-0.016144076356047143,0.016719712850883
12005.849609375,12098.150390625,11953.349609375,12089.150390625,758000,0.009140500467834434,0.011977746704374806,-0.006890540572197598,0.01709920883458544
12120.0,12160.599609375,12084.650390625,12137.9501953125,565100,0.004036661230167438,0.006257170076322317,-0.0014788489838615507,0.01666890538640458
12151.150390625,12154.7001953125,12073.9501953125,12098.349609375,473500,-0.0032625431230384194,0.006674464088674285,0.004364296201945158,0.016375326846002715
12102.349609375,12103.5498046875,11990.75,12031.5,524700,-0.005525514763038308,0.009375373368865063,0.005888676339192952,0.011482704221592881
12108.400390625,12172.2998046875,12099.0,12107.900390625,480000,0.006350030388978967,0.006053882367933514,4.129535128874565e-05,0.006290388878674523
12151.0,12231.75,12144.2998046875,12201.2001953125,411700,0.0077056964194832656,0.0071673436967370574,-0.004114365350040407,0.005913050529253676
12219.5498046875,12225.650390625,12139.7998046875,12174.650390625,501200,-0.0021759994314084485,0.007051585317276019,0.0036879427845480034,0.005993734932277938
12190.150390625,12246.7001953125,12091.2001953125,12113.4501953125,622800,-0.005026854435148831,0.012836970267989651,0.006331820750968243,0.006322258689293967
12131.7998046875,12159.599609375,12037.0,12045.7998046875,0,-0.00558473346026378,0.010177789052022233,0.007139418004152283,0.006335860134209665
12028.25,12030.75,11908.0498046875,11992.5,676900,-0.004424762618648104,0.01023141090785908,0.002981029810298103,0.005524365939812685
12090.599609375,12134.7001953125,12042.099609375,12125.900390625,513600,0.011123651500938081,0.0076365946407652395,-0.002911188457171592,0.007019493999852763
12119.0,12152.0,12071.4501953125,12080.849609375,502600,-0.003715252459506435,0.006667561247099013,0.003157922816570324,0.007105255667183707
12012.5498046875,12012.5498046875,11813.400390625,11829.400390625,490800,-0.02081386879900149,0.0168351232933437,0.01548256107787585,0.011312288726901076
11877.5,11883.0498046875,11779.900390625,11797.900390625,461000,-0.002662856861702312,0.008743031441803486,0.006746930109551736,0.011329517283724696
11738.5498046875,11783.25,11639.599609375,11678.5,567600,-0.010120477938589723,0.012300414490302693,0.005141910749454125,0.011652253445918276
11661.25,11663.849609375,11536.7001953125,11633.2998046875,608600,-0.003870376787472707,0.010929780560737089,0.0024026025101869892,0.007620856051315912
11382.0,11384.7998046875,11175.0498046875,11201.75,809900,-0.03709607866493836,0.018724752828799072,0.016091235744414935,0.014334251230095497
11387.349609375,11433.0,11036.25,11132.75,680800,-0.006159751824491688,0.03563809481035683,0.022869426635377603,0.014324154820819212
11217.5498046875,11342.25,11152.5498046875,11303.2998046875,696500,0.015319647408546855,0.01678272704346309,-0.007586280243972589,0.018805463181654814
11351.349609375,11356.599609375,11082.150390625,11251.0,797700,-0.004626950146523701,0.024393317816194117,0.008919172462447783,0.01883919813388681
11306.0498046875,11389.5,11244.599609375,11269.0,1352500,0.0015998577904186018,0.01285831845106043,0.0032877633053065933,0.019241728866109187
10942.650390625,11035.099609375,10827.400390625,10989.4501953125,1811000,-0.024806975302821943,0.01889987352038714,-0.004258612019322153,0.014510715308074382
10742.0498046875,10751.5498046875,10294.4501953125,10451.4501953125,1565500,-0.048956043335951605,0.04373552003146992,0.027804716469426855,0.02507496975777267
10334.2998046875,10545.099609375,10334.0,10458.400390625,1218500,0.0006649981756232659,0.020184693785890193,-0.011866115400280987,0.021664972176413465
10039.9501953125,10040.75,9508.0,9590.150390625,1343500,-0.08301938801064712,0.055551787855255955,0.046902268094482516,0.035819568890949144
9107.599609375,10159.400390625,8555.150390625,9955.2001953125,1388000,0.03806507612689369,0.16114693512194525,-0.08514149080965752,0.0462774799364113
9587.7998046875,9602.2001953125,9165.099609375,9197.400390625,897700,-0.07612100106679087,0.04752436203419402,0.042446712927757056,0.051951225585533715
9285.400390625,9403.7998046875,8915.599609375,8967.0498046875,935600,-0.02504518409052825,0.05444379209952584,0.035502265836761956,0.051312324660557074
9088.4501953125,9127.5498046875,8407.0498046875,8468.7998046875,1516600,-0.05556454027271507,0.08507699043744092,0.0731686195111168,0.04928205590327176
8063.2998046875,8575.4501953125,7832.5498046875,8263.4501953125,925700,-0.024247781753128472,0.08990196262650865,-0.02422116499698113,0.043188949311414065
8284.4501953125,8883.0,8178.2001953125,8745.4501953125,1071500,0.058329146858465686,0.08059045434450793,-0.05271312393352749,0.05121219913465282
7945.7001953125,8159.25,7583.60009765625,7610.25,653500,-0.12980466070471242,0.0756413918522716,0.04407873529943169,0.06770433300363518
7848.2998046875,8036.9501953125,7511.10009765625,7801.0498046875,738400,0.02507142402516349,0.06740760677367767,0.006056877110515098,0.07309133352921265
7735.14990234375,8376.75,7714.75,8317.849609375,736900,0.06624746894667499,0.07958787800802068,-0.07005412869865939,0.08039421298488847
8451.0,8749.0498046875,8304.900390625,8641.4501953125,865600,0.038904356430389475,0.0513975552741629,-0.02203914748195951,0.08076529641662912
8949.099609375,9038.900390625,8522.900390625,8660.25,801500,0.0021755381634551707,0.05958257556075171,0.0333534954966658,0.07645830465339425
8385.9501953125,8576.0,8244.0,8281.099609375,593300,-0.04378053643081892,0.04009129411076569,0.01266143276658562,0.041477951502525805
8529.349609375,8678.2998046875,8358.0,8597.75,712700,0.03823772271336057,0.037253909998255355,-0.007955615204559332,0.04246719012761958
8584.099609375,8588.099609375,8198.349609375,8253.7998046875,506300,-0.04000467509668226,0.04722067523114058,0.0400179084183646,0.04029119902039777
8356.5498046875,8356.5498046875,8055.7998046875,8083.7998046875,697000,-0.020596574186770744,0.037204038603925606,0.03374032096166486,0.03387399533056651
8446.2998046875,8819.400390625,8360.9501953125,8792.2001953125,814200,0.08763210467115035,0.05214282945432925,-0.03934173277917561,0.05698791601828284
8688.900390625,9131.7001953125,8653.900390625,8748.75,896500,-0.004941902407507137,0.05461349389198457,-0.006840932633233319,0.05114357961802222
8973.0498046875,9128.349609375,8904.5498046875,9111.900390625,742100,0.04150883161880259,0.024561265498222726,-0.015238378382665355,0.05158112185553247
9103.9501953125,9112.0498046875,8912.400390625,8993.849609375,644000,-0.01295567073707915,0.02219843812535954,0.012241764174345707,0.04575885562827371
9196.400390625,9261.2001953125,8874.099609375,8925.2998046875,879100,-0.007621853562688519,0.04337115776594952,0.030374395467939352,0.0433164226281411
8851.25,9053.75,8821.900390625,8992.7998046875,719400,0.007562771164790316,0.025781693622730077,-0.015740348696933866,0.021906631791806245
9323.4501953125,9324.0,9091.349609375,9266.75,684200,0.03046328187687486,0.02510593148892546,0.006118671088839129,0.02365870949881565
9390.2001953125,9390.849609375,9230.7998046875,9261.849609375,726400,-0.0005288143766692954,0.017280544538910987,0.01385798640128872,0.01698656383869597
9016.9501953125,9044.400390625,8909.400390625,8981.4501953125,655100,-0.030274667144095657,0.015030980194095796,0.003952591088077042,0.02213652486408466
9026.75,9209.75,8946.25,9187.2998046875,734400,0.02291941778872575,0.028680897064615036,-0.01747518945725327,0.023694060297875824
9232.349609375,9343.599609375,9170.150390625,9313.900390625,666700,0.01377995587701486,0.01862261903988012,-0.00875581419488722,0.0239563960492656
9163.900390625,9296.900390625,9141.2998046875,9154.400390625,659400,-0.017124941572334906,0.016997354201029942,0.0010377522933920312,0.021794880848061846
9259.7001953125,9377.099609375,9250.349609375,9282.2998046875,512800,0.013971358975458648,0.013655021133447132,-0.0024346993579745556,0.023011219065725234
9389.7998046875,9404.400390625,9260.0,9380.900390625,614500,0.010622430648890235,0.015393020351149828,0.0009486737617845102,0.015217745087334528
9408.599609375,9599.849609375,9392.349609375,9553.349609375,653000,0.018383013524196468,0.021720130476160296,-0.015151753669514231,0.014273968506004202
9753.5,9889.0498046875,9731.5,9859.900390625,931200,0.03208830345213909,0.015978843441187465,-0.010791223684791757,0.018010277540423714
9533.5,9533.5,9266.9501953125,9293.5,687500,-0.05744483901313502,0.0286813154018938,0.02582450099531931,0.035047981655341384
9429.400390625,9450.900390625,9190.75,9205.599609375,725200,-0.009458265521601117,0.028260015823419297,0.024311374679176885,0.034867782507421945
9226.7998046875,9346.900390625,9116.5,9270.900390625,722200,0.007093593467121684,0.024851997208166263,-0.0047568827276038665,0.0346043401002279
9234.0498046875,9277.849609375,9175.900390625,9199.0498046875,708700,-0.007750119504051356,0.011082581452929018,0.0038047407877023643,0.032702323867878386
9376.9501953125,9382.650390625,9238.2001953125,9251.5,609100,0.0057016970693835045,0.015613705378857482,0.01355998436064422,0.02630104702555788
9348.150390625,9439.900390625,9219.9501953125,9239.2001953125,704600,-0.0013294930214019507,0.023806194330986737,0.011792167396456653,0.007541943485976904
9168.849609375,9240.849609375,9043.9501953125,9196.5498046875,805500,-0.004616242718351149,0.02141013948101928,-0.0030120203664184097,0.006438319175940954
9584.2001953125,9584.5,9351.099609375,9383.5498046875,846400,0.02033371253039773,0.024873357682655035,0.021383207293764906,0.011165324617479823
9213.9501953125,9281.099609375,9119.75,9142.75,602600,-0.025661909373274727,0.017647820335785186,0.0077876126233901175,0.01674343225139111
9182.400390625,9182.400390625,9050.0,9136.849609375,575900,-0.0006453627874545287,0.014490814261531525,0.004985392470864569,0.016333043800707076
9158.2998046875,9158.2998046875,8806.75,8823.25,773000,-0.034322509703259896,0.03984357291105885,0.03797351369251693,0.021612098263896817
8961.7001953125,9030.349609375,8855.2998046875,8879.099609375,762200,0.00632982284022332,0.019714814833552897,0.009302811047449693,0.022692345077293
8889.150390625,9093.7998046875,8875.349609375,9066.5498046875,622300,0.021111396826158035,0.024094082094994834,-0.01956636403969045,0.022926220573456876
9079.4501953125,9178.5498046875,9056.099609375,9106.25,631500,0.004378754451001221,0.013446829958819493,-0.0029430121825669182,0.02050244214908506
9067.900390625,9149.599609375,8968.5498046875,9039.25,675800,-0.0073575840768702605,0.020029294984373704,0.0031695539591227147,0.020722304091896532
9099.75,9161.650390625,8996.650390625,9029.0498046875,655000,-0.0011284338094974533,0.01827434819490518,0.007830302949020776,0.010623604935646036
9082.2001953125,9334.0,9004.25,9314.9501953125,763500,0.03166450477176164,0.03540008192056012,-0.0249867143806228,0.016195567041058737
9364.9501953125,9511.25,9336.5,9490.099609375,837900,0.018803043536468778,0.018413926849341965,-0.01318736569833982,0.015818667791800793
9422.2001953125,9598.849609375,9376.900390625,9580.2998046875,967000,0.009504662651105722,0.023167251889278404,-0.01650257430332652,0.01558665865145419
9726.849609375,9931.599609375,9706.9501953125,9826.150390625,794200,0.025662097319460564,0.02286240339623084,-0.010105766480507114,0.01302019545281734
9880.849609375,9995.599609375,9824.0498046875,9979.099609375,770200,0.015565527970742954,0.017190910142467684,-0.009845577641864374,0.008646985735522092
10108.2998046875,10176.2001953125,10035.5498046875,10061.5498046875,794700,0.008262288035990828,0.01397899859914955,0.004646401489581654,0.007115009511148776
10054.25,10123.849609375,9944.25,10029.099609375,775100,-0.003225168681009971,0.01790784979412448,0.0025077416323086394,0.010580515943557616
10093.7998046875,10177.7998046875,10040.75,10142.150390625,987100,0.011272276241460544,0.013512894150552469,-0.004767291360833434,0.01054109189806535
10326.75,10328.5,10120.25,10167.4501953125,936500,0.002494520758722585,0.020482028040423497,0.01566762576923583,0.007382206351149157
10181.150390625,10291.150390625,10021.4501953125,10046.650390625,754200,-0.011881032349997822,0.026844787548710752,0.013387546572289234,0.009267249149586236
10072.599609375,10148.75,10036.849609375,10116.150390625,632400,0.006917728526201428,0.011061558626955775,-0.004305074516325901,0.009034363775734626
10094.099609375,10112.0498046875,9885.0498046875,9902.0,715500,-0.021169158460066062,0.02292466168450818,0.019400081738537668,0.013600111005697605
9544.9501953125,9996.0498046875,9544.349609375,9972.900390625,796300,0.00716020911179549,0.04529276114470367,-0.042911307498347574,0.012652423313484993
9919.349609375,9943.349609375,9726.349609375,9813.7001953125,716100,-0.015963279394844432,0.022111945105440428,0.01076550250770482,0.01322066340985818
10014.7998046875,10046.150390625,9728.5,9914.0,899900,0.010220386061458031,0.03204058812033488,0.010167420283185395,0.014778333088057453
9876.7001953125,10003.599609375,9833.7998046875,9881.150390625,685400,-0.0033134566648174157,0.01718421418305727,-0.0004503721871010322,0.013813596861392179
9863.25,10111.2001953125,9845.0498046875,10091.650390625,622900,0.021303187551898528,0.026373326494965574,-0.022632610304968624,0.014142394402057818
10119.0,10272.400390625,10072.650390625,10244.400390625,892100,0.015136275444292302,0.01949845695047199,-0.012240871680470257,0.015026869551385862
10318.75,10393.650390625,10277.599609375,10311.2001953125,685400,0.006520616350433883,0.01125482766814643,0.0007321945597499079,0.00926745172500343
10347.9501953125,10484.7001953125,10301.75,10471.0,669200,0.015497691991291696,0.01747208435798873,-0.011751485501623532,0.009597257886498171
10529.25,10553.150390625,10281.9501953125,10305.2998046875,854800,-0.015824677233549855,0.026316575010184667,0.021731555564315882,0.014599090689209131
10235.5498046875,10361.7998046875,10194.5,10288.900390625,994200,-0.001591357298992957,0.016260222019443358,-0.005185256335663603,0.013103763688771702
10378.900390625,10409.849609375,10311.25,10383.0,671900,0.00914574014738645,0.00949625439420206,-0.00039483861841471636,0.012057079948510388
10311.9501953125,10337.9501953125,10223.599609375,10312.400390625,574500,-0.006799538608783573,0.011088648772933224,-4.365572470491666e-05,0.012479713139006433
10382.599609375,10401.0498046875,10267.349609375,10302.099609375,556200,-0.0009988732845714887,0.012977955987809675,0.00781394114329319,0.009113015407653925
10323.7998046875,10447.0498046875,10299.599609375,10430.0498046875,573600,0.012419817334717198,0.014137055725873192,-0.010186912046407377,0.008031350331044691
10493.0498046875,10598.2001953125,10485.5498046875,10551.7001953125,597400,0.011663452514898642,0.010676041636877055,-0.0055583829657191094,0.008541383950913181
10614.9501953125,10631.2998046875,10562.650390625,10607.349609375,525200,0.005273976044848361,0.006471872483756564,0.0007165395897559973,0.008251933393910732
10723.849609375,10811.400390625,10695.099609375,10763.650390625,571200,0.014735139974255018,0.010804957150159436,-0.003697702898699308,0.0064190097181762076
10802.849609375,10813.7998046875,10689.7001953125,10799.650390625,636800,0.003344590235981215,0.011491076552138099,0.0002962335477801383,0.004908159126204764
10818.650390625,10847.849609375,10676.5498046875,10705.75,767900,-0.00869476207364206,0.016000729018284567,0.010545771256100693,0.009071752252814286
10755.5498046875,10836.849609375,10733.0,10813.4501953125,618700,0.010060032721901813,0.009603744179634503,-0.005354478873921213,0.008813668919390213
10764.099609375,10819.400390625,10713.0,10768.0498046875,590700,-0.004198511095439339,0.009881119845738664,-0.00036684407893251185,0.009698584757453135
10851.849609375,10894.0498046875,10756.0498046875,10802.7001953125,554100,0.003217889149241815,0.012774583900780739,0.00454973415663492,0.007300518665025167
10750.849609375,10755.650390625,10562.900390625,10607.349609375,532400,-0.01808349601540049,0.018171362979272736,0.013528355836708885,0.010829917367795788
10701.0,10827.4501953125,10577.75,10618.2001953125,715900,0.0010229309240368245,0.02351624481734036,0.007797913315295442,0.010541655649533242
10706.2001953125,10755.2998046875,10595.2001953125,10739.9501953125,694400,0.011466161662100571,0.014906922887303165,-0.003142472673172203,0.010941528610453817
10752.0,10933.4501953125,10749.650390625,10901.7001953125,676900,0.01506059125586967,0.01685973760006077,-0.013731820966500979,0.012889250723792186
10999.4501953125,11037.900390625,10953.0,11022.2001953125,554300,0.011053321760931656,0.007702671800599872,-0.0020640162215230925,0.013456590906134262
11126.099609375,11179.5498046875,11113.25,11162.25,772000,0.012706156865764484,0.005939645204819817,-0.003238629364599431,0.005395298265927671
11231.2001953125,11238.099609375,11056.5498046875,11132.599609375,765100,-0.0026563094918139463,0.016307943432602483,0.008856923755208652,0.006986606859735904
11135.0,11239.7998046875,11103.150390625,11215.4501953125,621600,0.007442159858846331,0.01218403289059343,-0.007173157912655542,0.006938843933655844
11149.9501953125,11225.400390625,11090.2998046875,11194.150390625,678900,-0.0018991484351116306,0.012068855716879195,-0.00394850826280816,0.00720532866764452
11225.0,11225.0,11087.849609375,11131.7998046875,588100,-0.005569925698846956,0.012320594426001733,0.008372428263869266,0.007720543136121239
11154.099609375,11317.75,11151.400390625,11300.5498046875,683900,0.0151592736988444,0.014720488139966226,-0.012959563724213847,0.008598630345088558
11276.900390625,11341.400390625,11149.75,11202.849609375,600700,-0.008645614328603224,0.017107289422560772,0.006609995120172933,0.009825365568815582
11254.2998046875,11299.9501953125,11084.9501953125,11102.150390625,677800,-0.008988714680747911,0.019365617689844364,0.013704499462642811,0.010002511094656627
11139.5,11150.400390625,11026.650390625,11073.4501953125,642600,-0.002585102372305803,0.011175378749830345,0.005964699666546523,0.010005677261348673
11057.5498046875,11058.0498046875,10882.25,10891.599609375,680900,-0.016422215545293994,0.016140861856157422,0.015236531020627817,0.011931268411157847
10946.650390625,11112.25,10908.099609375,11095.25,625700,0.018697932161379383,0.018399800871994772,-0.013393083470404002,0.013389668065491186
11155.75,11225.650390625,11064.0498046875,11101.650390625,667600,0.0005768586219327965,0.01455644703727715,0.004873114129110519,0.013152018196129255
11185.7001953125,11256.7998046875,11127.2998046875,11200.150390625,600400,0.008872554668374333,0.011562344743906027,-0.0012901786858679528,0.013118036784816073
11186.650390625,11231.900390625,11142.0498046875,11214.0498046875,452600,0.0012410024488720417,0.008012322711456323,-0.0024433112514844527,0.012906130250465093
11270.25,11337.2998046875,11238.0,11270.150390625,492000,0.005002705259437024,0.008810867756485475,8.838335918113337e-06,0.007394016141866059
11322.25,11373.599609375,11299.150390625,11322.5,586100,0.004644978776729314,0.006575333958931331,-2.20799293442261e-05,0.003334303021088894
11289.0,11322.0,11242.650390625,11308.400390625,609900,-0.0012452735151247118,0.007016873000073749,-0.0017155733750887968,0.003868064625284169
11334.849609375,11359.2998046875,11269.9501953125,11300.4501953125,562400,-0.0007030344733010008,0.007906730070989808,0.003044074657907797,0.0029241180248386137
11353.2998046875,11366.25,11111.4501953125,11178.400390625,645100,-0.010800437378868932,0.022793941510736472,0.015646193368523735,0.006390891617101679
11248.900390625,11267.099609375,11144.5,11247.099609375,634000,0.0061457110453491115,0.010900553354467254,0.00016011072299021537,0.006657199241395413
11259.7998046875,11401.7001953125,11253.150390625,11385.349609375,579200,0.012292057935075373,0.013047452189362735,-0.01102731220340559,0.008675913003410751
11452.150390625,11460.349609375,11394.099609375,11408.400390625,626200,0.002024600213507588,0.005807124376038011,0.003834893455874158,0.00857401299401532
11317.4501953125,11361.4501953125,11289.7998046875,11312.2001953125,791600,-0.008432399987605033,0.006333904049425343,0.00046410069742007146,0.009752127024136657
11409.650390625,11418.5,11362.2001953125,11371.599609375,668700,0.005250916093857194,0.004950913382589129,0.003346123901392913,0.007614380286352382
11412.0,11497.25,11410.650390625,11466.4501953125,532900,0.008341006471886514,0.007552434092497261,-0.004748653191269196,0.007867325617761316
11513.099609375,11525.900390625,11423.349609375,11472.25,638200,0.0005058064691958464,0.008939029505981825,0.0035607321471376584,0.0063399077702518325
11512.849609375,11561.75,11461.849609375,11549.599609375,743400,0.0067423225064831005,0.00864968431839916,-0.003181928486089632,0.0067671018148327804
11609.2998046875,11617.349609375,11540.599609375,11559.25,719800,0.0008355606212675504,0.006639704133053615,0.004329848795337068,0.003521043552017711
11602.9501953125,11686.0498046875,11589.400390625,11647.599609375,807000,0.007643195654994939,0.008297796739570972,-0.003833357563781835,0.0038259332487681533
11777.5498046875,11794.25,11325.849609375,11387.5,1371800,-0.022330747801946216,0.04113285537870472,0.03425245266190999,0.0121939683001095
11464.2998046875,11553.5498046875,11366.900390625,11470.25,783800,0.007266739846322645,0.016272480029859857,-0.000518750272443931,0.012806623142861264
11478.5498046875,11554.75,11430.400390625,11535.0,593500,0.005645038251127943,0.010780200205895102,-0.004893818405938448,0.012671563275294494
11566.2001953125,11584.9501953125,11507.650390625,11527.4501953125,607100,-0.0006545127600779965,0.006705715780835301,0.0033615413073532275,0.012658987224727181
11354.400390625,11452.0498046875,11303.650390625,11333.849609375,681300,-0.016794744948559814,0.013093469489814717,0.0018132216288630693,0.01342987135288772
11359.599609375,11381.150390625,11251.7001953125,11355.0498046875,560300,0.0018705202595032944,0.011400231398286022,0.00040068557740907364,0.009607810901756029
11378.5498046875,11437.25,11290.4501953125,11317.349609375,572200,-0.0033201259317187093,0.012971217622003551,0.005407643788065302,0.0085695333569977
11218.599609375,11298.150390625,11185.150390625,11278.0,728900,-0.003476927967516641,0.010019507004788084,-0.005266925928799433,0.007227858387553285
11363.2998046875,11464.0498046875,11327.400390625,11449.25,679400,0.015184429863450921,0.01193522842653449,-0.007507059004956657,0.011518413521943015
11447.7998046875,11493.5,11419.900390625,11464.4501953125,554800,0.0013276149365679668,0.006419811514824572,-0.0014523496845760548,0.007617344817319987
11540.150390625,11568.900390625,11383.5498046875,11440.0498046875,642300,-0.0021283524468515003,0.016201903759330977,0.008750013124635551,0.007881310226153758
11487.2001953125,11535.9501953125,11442.25,11521.7998046875,506700,0.007145947910690342,0.008132426955932635,-0.003002969150785243,0.007662128803710087
11538.4501953125,11618.099609375,11516.75,11604.5498046875,527800,0.0071820376506051,0.008733609754861942,-0.005696008073342058,0.0066074484950718205
11539.400390625,11587.2001953125,11498.5,11516.099609375,0,-0.007622027291120936,0.0077022775350337495,0.00202332230879901,0.006325734255736651
11584.099609375,11584.099609375,11446.099609375,11504.9501953125,764200,-0.0009681588767627147,0.011994836801312343,0.006879596410139012,0.006395371972767873
11503.7998046875,11535.25,11218.5,11250.5498046875,602900,-0.02211225483867385,0.028154179617784304,0.022510011012482636,0.012216854380515956
11301.75,11302.2001953125,11084.650390625,11153.650390625,672200,-0.00861286032635733,0.019504807580337784,0.013278129059835195,0.010807846068116132
11258.75,11259.5498046875,11024.400390625,11131.849609375,714900,-0.0019545871070447696,0.02112402002488987,0.011399757908885803,0.008446086091775239
11011.0,11015.2998046875,10790.2001953125,10805.5498046875,706100,-0.029312272096516434,0.02083185154330145,0.01901339580364293,0.012592701648446098
10910.400390625,11072.599609375,10854.849609375,11050.25,559600,0.022645788482354545,0.019705436528585325,-0.012655786916585598,0.020182728696212595
11140.849609375,11239.349609375,11099.849609375,11227.5498046875,472800,0.016044868187371275,0.012424794583566112,-0.007722094029482967,0.02065912526137745
11288.599609375,11305.400390625,11181.0,11222.400390625,498300,-0.0004586409458945395,0.011085007333094437,0.005898846632250056,0.020148243768401828
11244.4501953125,11295.400390625,11184.5498046875,11247.5498046875,499300,0.002241001317642377,0.009855531903606437,-0.00027558085350359727,0.02006114914128498
11364.4501953125,11428.599609375,11347.0498046875,11416.9501953125,447700,0.015061092732783665,0.00714287119523235,-0.004598425945797252,0.009817471851019421
11487.7998046875,11578.0498046875,11452.2998046875,11503.349609375,530600,0.0075676439490797165,0.010931598557824954,-0.0013517632007660812,0.007406736091266373
11603.4501953125,11680.2998046875,11564.2998046875,11662.400390625,561400,0.013826475474619793,0.009946494384916538,-0.005054722298840642,0.006857244729998824
11679.25,11763.0498046875,11629.349609375,11738.849609375,513400,0.006555187284725372,0.011389548359638494,-0.00507712521739796,0.005332257645961967
11835.400390625,11905.7001953125,11791.150390625,11834.599609375,608800,0.008156676606839941,0.009679229417846737,6.766441421183747e-05,0.003910405753909878
11852.0498046875,11938.599609375,11805.2001953125,11914.2001953125,611100,0.0067260903253916204,0.01119667387450686,-0.005216497088025458,0.003011042061741076
11973.5498046875,12022.0498046875,11867.2001953125,11930.9501953125,522600,0.0014058853909966196,0.012978816174745092,0.003570512715050707,0.004442625372557106
11934.650390625,11988.2001953125,11888.900390625,11934.5,458300,0.0002975290843887368,0.00832039923645733,1.2601334366751855e-05,0.0035250032967858464
11917.400390625,11997.2001953125,11822.150390625,11971.0498046875,569200,0.0030625333853533387,0.014622761373773234,-0.004481596429537242,0.0033912171028949636
12023.4501953125,12025.4501953125,11661.2998046875,11680.349609375,608900,-0.02428360085835335,0.031176326291870744,0.029374170929106193,0.012386009189996735
11727.400390625,11789.75,11667.849609375,11762.4501953125,555800,0.007028949362235082,0.01036352023607964,-0.0029798047265243966,0.012443371770859434
11879.2001953125,11898.25,11820.400390625,11873.0498046875,541400,0.009402769621849272,0.0065568333878516065,0.00051801270323753,0.013536467618309175
11861.0,11949.25,11837.25,11896.7998046875,453600,0.002000328507897331,0.009414296435909637,-0.0030091961935338604,0.013595368464400423
11958.5498046875,12018.650390625,11775.75,11937.650390625,623700,0.0034337457642519276,0.020347420361359975,0.0017507142007536882,0.01362107045847626
11890.0,11939.5498046875,11823.4501953125,11896.4501953125,544900,-0.0034512817819539743,0.00975918088748408,-0.0005421949578742017,0.004942232015563031
11957.900390625,11974.5498046875,11908.75,11930.349609375,502300,0.0028495402835257977,0.005515329126297673,0.0023093020868684595,0.004574592834285826
11937.400390625,11942.849609375,11711.7001953125,11767.75,519800,-0.013629073304543216,0.019642617667990907,0.014416552920056936,0.007178061371745691
11807.099609375,11899.0498046875,11723.0,11889.400390625,616300,0.010337608346965288,0.014807290435463706,-0.006922197801908968,0.009005517758432863
11922.599609375,11929.400390625,11684.849609375,11729.599609375,704000,-0.013440608945763599,0.02084903060583077,0.01645409957947267,0.010406809655198712
11633.2998046875,11744.150390625,11606.4501953125,11670.7998046875,555000,-0.005012942184360991,0.011798693972729583,-0.0032131473958569978,0.010429638324346718
11678.4501953125,11748.9501953125,11535.4501953125,11642.400390625,553700,-0.002433373422367602,0.01833814272286324,0.0030964237165841653,0.009841236533143177
11697.349609375,11725.650390625,11557.400390625,11669.150390625,568400,0.002297636149117599,0.014418359037961506,0.002416561429584048,0.00880664660707571
11734.4501953125,11836.2001953125,11723.2998046875,11813.5,674300,0.01237019016319918,0.009556895977060144,-0.006691480483133703,0.009516645474543721
11783.349609375,11929.650390625,11756.400390625,11908.5,667300,0.008041647267956087,0.014548431792417181,-0.01050933288197506,0.007201161792048145
12062.400390625,12131.099609375,12027.599609375,12120.2998046875,632500,0.017785598915690537,0.008539392726900337,-0.004777061210986508,0.007991856402901077
12156.650390625,12280.400390625,12131.849609375,12263.5498046875,576800,0.011819014571289532,0.012113195902969252,-0.008716841026049391,0.005736565183535391
12399.400390625,12474.0498046875,12367.349609375,12461.0498046875,553400,0.016104635537461442,0.008562697123027495,-0.0049473692047446284,0.003829686692892101
12556.400390625,12643.900390625,12475.25,12631.099609375,847500,0.01364650710436388,0.01335199593389518,-0.005913912569777937,0.0038009594192501273
12680.599609375,12769.75,12571.099609375,12749.150390625,880500,0.009346041508720315,0.015581461080816506,-0.005376890157355768,0.003352766332720458
12702.150390625,12741.150390625,12624.849609375,12690.7998046875,622000,-0.004576821525331454,0.00916418059065457,0.0008943948460448902,0.008125634725142349
12659.7001953125,12735.9501953125,12607.7001953125,12719.9501953125,513900,0.002296970330761372,0.01008258664780481,-0.004736653766317659,0.008486093043968133
12932.5,12934.0498046875,12797.099609375,12874.2001953125,707700,0.012126619808373373,0.010637569187588337,0.004528421478852487,0.007602134121391632
12860.099609375,12948.849609375,12819.349609375,12938.25,731300,0.004975051165572175,0.01000908159913435,-0.006040259743396518,0.006491548314666865
12839.5,12963.0,12745.75,12771.7001953125,768800,-0.01287266861341374,0.01701026462238251,0.005308596635582164,0.009525953616688915
12813.400390625,12892.4501953125,12730.25,12859.0498046875,664000,0.00683930941371913,0.012613699905989421,-0.0035499834556873286,0.009405287237975856
12960.2998046875,12968.849609375,12825.7001953125,12926.4501953125,633100,0.005241475198302092,0.011074147341271625,0.002618631477594277,0.009467827425030575
13002.599609375,13079.099609375,12978.0,13055.150390625,571900,0.0099563448098976,0.007744040194864425,-0.004025291143925627,0.008997910716416103
13130.0,13145.849609375,12833.650390625,12858.400390625,679000,-0.015070680468092346,0.024279786697078046,0.02112234812450093,0.011824046878641187
12906.4501953125,13018.0,12790.400390625,12987.0,549800,0.010001213639976747,0.017525187447062447,-0.006202341163278663,0.010523157638619418
13012.0498046875,13035.2998046875,12914.2998046875,12968.9501953125,1162400,-0.001389836350773832,0.009329976457441734,0.003323292072675083,0.010492984061725292
13062.2001953125,13128.400390625,12962.7998046875,13109.0498046875,583600,0.010802694687318537,0.01263253923089719,-0.0035738371638688593,0.01122510414040758
13121.400390625,13128.5,12983.5498046875,13113.75,717700,0.0003585458429504751,0.01105329866075684,0.0005833869507196644,0.01050578952034756
13215.2998046875,13216.599609375,13107.900390625,13133.900390625,713700,0.0015365849299400214,0.008276232917647957,0.006197657332668903,0.005708050364772279
13177.400390625,13280.0498046875,13152.849609375,13258.5498046875,640500,0.009490662358873525,0.009593824150174323,-0.006120534693304844,0.005582906890408047
13264.849609375,13366.650390625,13241.9501953125,13355.75,591700,0.007331133249439903,0.009336817124646688,-0.006806086563839545,0.004709682632651025
13393.849609375,13435.4501953125,13311.0498046875,13392.9501953125,543200,0.002785331809333158,0.009288497964290186,6.71557834072132e-05,0.003924171470806573
13458.099609375,13548.900390625,13449.599609375,13529.099609375,502600,0.010165752285866914,0.007339792308217573,-0.005247947169433249,0.0039122678102696635
13488.5,13503.5498046875,13399.2998046875,13478.2998046875,553400,-0.0037548548058806697,0.007734655075986943,0.0007567864983202528,0.005779926259376975
13512.2998046875,13579.349609375,13402.849609375,13513.849609375,787700,0.002637558535026452,0.01306067516672349,-0.00011468269459095132,0.0053019552344577316
13571.4501953125,13597.5,13472.4501953125,13558.150390625,558400,0.0032781762806703973,0.009223220062079242,0.000980945357907843,0.004930222874513616
13547.2001953125,13589.650390625,13447.0498046875,13567.849609375,497600,0.0007153791977927426,0.010510183267285556,-0.0015219371276220396,0.005040772846030889
13663.099609375,13692.349609375,13606.4501953125,13682.7001953125,462200,0.008464907059269056,0.006277957774148112,-0.0014325086172841004,0.004422784694798659
13713.5498046875,13773.25,13673.5498046875,13740.7001953125,416000,0.004238929390550483,0.007255830772474878,-0.0019759102694244125,0.0028753275537701474
13764.400390625,13772.849609375,13658.599609375,13760.5498046875,519400,0.0014445849987885229,0.008302720575967175,0.00027982791328499875,0.003047209439723501
13741.900390625,13777.5,13131.4501953125,13328.400390625,687300,-0.0314049525779333,0.04847166844882015,0.031023977962940683,0.015998209838082804
13373.650390625,13492.0498046875,13192.900390625,13466.2998046875,696200,0.010346283876607965,0.02221467057776099,-0.006880094413927244,0.017142610162820246
13473.5,13619.4501953125,13432.2001953125,13601.099609375,458700,0.010010159185716239,0.013767269219242527,-0.009381565685104447,0.017376842614934288
13672.150390625,13771.75,13626.900390625,13749.25,471400,0.01089253037474136,0.010535091686819282,-0.005607550184555521,0.01812403008558625
13815.150390625,13885.2998046875,13811.5498046875,13873.2001953125,403600,0.009015051389166695,0.005316004884361056,-0.0041843124780332926,0.018558971285437882
13910.349609375,13967.599609375,13859.900390625,13932.599609375,439600,0.004281594241144937,0.007730016060859963,-0.00159697404819043,0.002675670949469409
13980.900390625,13997.0,13864.9501953125,13981.9501953125,380700,0.003542094606974411,0.009444305182246334,-7.508285130724831e-05,0.003395476227729725
13970.0,14024.849609375,13936.4501953125,13981.75,452400,-1.4318125132972703e-05,0.006322485673288394,-0.0008403812112217713,0.004391786849936152
13996.099609375,14049.849609375,13991.349609375,14018.5,358100,0.0026284263414808606,0.004173057031779434,-0.0015979163694403824,0.0032930154284925043
14104.349609375,14147.9501953125,13953.75,14132.900390625,495000,0.00816067272711063,0.01374100078150426,-0.0020201643301002137,0.0029666174817969152
14075.150390625,14215.599609375,14048.150390625,14199.5,492500,0.004712380865514287,0.01179261373639917,-0.008757323101165533,0.002993152897779581
14240.9501953125,14244.150390625,14039.900390625,14146.25,632300,-0.0037501320469031096,0.01443845542104798,0.006694367433948927,0.0045338686478555296
14253.75,14256.25,14123.099609375,14137.349609375,559200,-0.0006291696120880319,0.009418341789942228,0.00823353696705715,0.0046214313980235755
14258.400390625,14367.2998046875,14221.650390625,14347.25,613500,0.014847223590326086,0.010151730405652652,-0.0061927971823868685,0.007327043711650788
14474.0498046875,14498.2001953125,14383.099609375,14484.75,672900,0.009583718134137165,0.007946328789761646,-0.0007387214354752412,0.007521672574522569
14473.7998046875,14590.650390625,14432.849609375,14563.4501953125,929600,0.005433314024232416,0.010835398146298528,-0.006155848334198687,0.007522821456753317
14639.7998046875,14653.349609375,14435.7001953125,14564.849609375,874000,9.609083312889233e-05,0.014943471432921969,0.005145964244234735,0.006522079849722463
14550.0498046875,14617.7998046875,14471.5,14595.599609375,620200,0.002111247340323086,0.01002355563340674,-0.003120790231751945,0.005927853202054737
14594.349609375,14617.4501953125,14357.849609375,14433.7001953125,789600,-0.011092344158201595,0.017985726627591177,0.011130161489336784,0.007767800577800824
14453.2998046875,14459.150390625,14222.7998046875,14281.2998046875,762000,-0.010558650142566628,0.016549655085311178,0.012043721674657726,0.007570580470713047
14371.650390625,14546.0498046875,14350.849609375,14521.150390625,546100,0.016794730817062842,0.013442474601635088,-0.01029532757242971,0.011397931969167425
14538.2998046875,14666.4501953125,14517.5498046875,14644.7001953125,623100,0.008508265623863087,0.01016752740849282,-0.007265453659410304,0.01211190649028965
14730.9501953125,14753.5498046875,14517.25,14590.349609375,704600,-0.0037112802046228577,0.0161956232039612,0.009636546738205463,0.012275500569023176
14583.400390625,14619.900390625,14357.75,14371.900390625,776800,-0.014972171647596122,0.01824048201697839,0.014716216662478717,0.013236076401886824
14477.7998046875,14491.099609375,14218.599609375,14238.900390625,618600,-0.009254169343308138,0.019137713764710094,0.016777939834440668,0.013006195566548476
14237.9501953125,14237.9501953125,13929.2998046875,13967.5,660700,-0.019060488041877988,0.022097754832647216,0.019362820498478612,0.010758465862737137
13810.400390625,13898.25,13713.25,13817.5498046875,637900,-0.010735650281904374,0.01338877026788354,-0.0005174154726096673,0.005820184029739886
13946.599609375,13966.849609375,13596.75,13634.599609375,753200,-0.013240422354072856,0.02714414944172791,0.022882960185018727,0.0038344217746491367
13758.599609375,14336.349609375,13661.75,14281.2001953125,870500,0.047423511101338356,0.04723689887047609,-0.03659360409421559,0.02731188508184137
14481.099609375,14731.7001953125,14469.150390625,14647.849609375,915000,0.02567357148195737,0.017924119354656768,-0.011383923541464797,0.02907430075623743
14754.900390625,14868.849609375,14574.150390625,14789.9501953125,869500,0.009701122671723184,0.019925639698462366,-0.0023698392641382,0.025498959649507814
14789.0498046875,14913.7001953125,14714.75,14895.650390625,884700,0.0071467580293813615,0.013356261062471965,-0.007156490864245317,0.02264895733520671
14952.599609375,15014.650390625,14864.75,14924.25,935600,0.0019199973566108586,0.010044081989044676,0.001899566770524482,0.01850109321347502
15064.2998046875,15159.900390625,15041.0498046875,15115.7998046875,671200,0.01283480273296811,0.00786267266523626,-0.003407031097622075,0.008896978984819419
15164.150390625,15257.099609375,15064.2998046875,15109.2998046875,713300,-0.0004300136336804483,0.01276034013354384,0.0036302533305006754,0.005464530141165615
15119.0498046875,15168.25,14977.2001953125,15106.5,624800,-0.00018530340410816137,0.01264686093320756,0.000830755283321749,0.005680958074517215
15073.25,15188.5,15065.400390625,15173.2998046875,500100,0.004421924647502795,0.00811290958193357,-0.006593806619216179,0.005460907583740815
15186.2001953125,15243.5,15081.0,15163.2998046875,571800,-0.0006590524229219685,0.010716664716328147,0.0015102511273911961,0.005784721795821496
15270.2998046875,15340.150390625,15243.400390625,15314.7001953125,456000,0.00998465984153385,0.006317459615018327,-0.0028992007717258484,0.004620861245540941
15371.4501953125,15431.75,15242.2001953125,15313.4501953125,648500,-8.162092525865194e-05,0.012377994656326491,0.003787520072893436,0.004565546029011291
15279.900390625,15314.2998046875,15170.75,15208.900390625,504800,-0.006827318687430917,0.009438539342133262,0.004668319087931268,0.006263921952775614
15238.7001953125,15250.75,15078.0498046875,15118.9501953125,770600,-0.005914312869584326,0.011422763689376012,0.007920523479012944,0.006694757598366271
15074.7998046875,15144.0498046875,14898.2001953125,14981.75,712200,-0.009074717063029758,0.016409939384584578,0.0062108768793699,0.0076690379360794085
14999.0498046875,15010.099609375,14635.0498046875,14675.7001953125,609900,-0.020428174591586412,0.025555837179563876,0.02203299366106427,0.007465894966002511
14782.25,14854.5,14651.849609375,14707.7998046875,744100,0.0021872625461001327,0.01377843003821779,0.005061953269772689,0.008141244916131588
14729.150390625,15008.7998046875,14504.5,14982.0,403800,0.01864318245786234,0.033660379434488054,-0.01687689289647577,0.01452960393971709
15079.849609375,15176.5,15065.349609375,15097.349609375,803900,0.007699213013950157,0.007362245261643736,-0.0011591438532451434,0.01509222996124949
14888.599609375,14919.4501953125,14467.75,14529.150390625,1103600,-0.03763569324758598,0.031089236684063895,0.02473986496704833,0.022753747296073976
14702.5,14806.7998046875,14638.5498046875,14761.5498046875,507300,0.015995389118723446,0.011397854712150384,-0.004000244247304497,0.022772985588855824
14865.2998046875,14959.099609375,14760.7998046875,14919.099609375,621700,0.010672985341787733,0.013291673752408662,-0.0036061026533861862,0.023161271726584793
15064.400390625,15273.150390625,14995.7998046875,15245.599609375,544200,0.021884698711632122,0.01819217302328656,-0.011885345502486822,0.02374401454891973
15026.75,15202.349609375,14980.2001953125,15080.75,534900,-0.010812930524138231,0.014730660879763937,-0.003580723770369511,0.024403216067124613
14977.9501953125,15092.349609375,14862.099609375,14938.099609375,640700,-0.009459104528952489,0.015413607220526059,0.0026677145674199533,0.014959410319724547
15002.4501953125,15111.150390625,14919.900390625,14956.2001953125,0,0.0012117060677612201,0.012787338862978087,0.0030923629930077728,0.013822800834511054
15049.900390625,15126.849609375,14925.4501953125,15098.400390625,675300,0.00950777560179139,0.013339122612455971,-0.0032122608187099702,0.013663672909565865
15202.150390625,15218.4501953125,15100.849609375,15174.7998046875,404600,0.005060099883821945,0.007749728988264685,0.0018023688147142077,0.008941872519821873
15321.150390625,15336.2998046875,14953.599609375,15030.9501953125,493200,-0.009479506235763657,0.0254608118807983,0.019306842983419694,0.008585022469027448
15048.400390625,15048.400390625,14745.849609375,14929.5,467500,-0.006749419963093084,0.020265298988579657,0.007964124091563683,0.00795056547537519
14996.099609375,15051.599609375,14890.650390625,14910.4501953125,100,-0.001275984104457617,0.010794390286122862,0.005744254059439882,0.007926553739978963
14946.5498046875,14956.5498046875,14696.0498046875,14721.2998046875,100,-0.012685759862868795,0.017695448326991655,0.015300958678137699,0.007022603600805568
14855.5,14875.2001953125,14478.599609375,14557.849609375,542200,-0.011102973071742905,0.027243074807016564,0.020446041043954623,0.004478151507734479
14471.150390625,14788.25,14350.099609375,14744.0,919200,0.012786942826028547,0.029717199581185568,-0.018505806387344004,0.01027723701677769
14736.2998046875,14763.900390625,14597.849609375,14736.400390625,459000,-0.000515437423697751,0.011268069328221983,-6.825678919798538e-06,0.010208709266386657
14768.5498046875,14878.599609375,14707.0,14814.75,474200,0.00531673999743143,0.01158302430854385,-0.0031185268271486186,0.010823061165520658
14712.4501953125,14752.349609375,14535.0,14549.400390625,456400,-0.017911176994211853,0.014938733111987942,0.011206633971841354,0.012349244102735572
14570.900390625,14575.599609375,14264.400390625,14324.900390625,606800,-0.015430189146808937,0.021724354813222005,0.01717289428141475,0.01324111157135891
14506.2998046875,14572.900390625,14414.25,14507.2998046875,481000,0.012733031929623273,0.01093590073693369,-6.893081506986481e-05,0.01322490123445441
14628.5,14876.2998046875,14617.599609375,14845.099609375,594500,0.02328481586755049,0.017426639235827376,-0.01459064708721878,0.017879479552341794
14811.849609375,14813.75,14670.25,14690.7001953125,463900,-0.010400699094332388,0.00976808444064415,0.00824667391287151,0.01843539791525534
14798.400390625,14883.2001953125,14692.4501953125,14867.349609375,445000,0.012024574166918489,0.012830128100284771,-0.004637626783628081,0.016556705353830522
14837.7001953125,14849.849609375,14459.5,14637.7998046875,509700,-0.015439860548026041,0.02666723241084342,0.013656450647793762,0.016559607734521854
14737.0,14779.099609375,14573.900390625,14683.5,475300,0.003122067245233451,0.01397481654578268,0.003643545476214799,0.01590108512410181
14716.4501953125,14879.7998046875,14649.849609375,14819.0498046875,0,0.009231436965811968,0.015517202407927876,-0.006923494470107396,0.012100549381503616
14875.650390625,14984.150390625,14821.099609375,14873.7998046875,514800,0.0036945688638336804,0.010962281554886487,0.0001244191774664592,0.010720060507469951
14882.650390625,14918.4501953125,14785.650390625,14834.849609375,504100,-0.0026187118170183377,0.008951880752709224,0.003222195203097436,0.009394880191772682
14644.650390625,14652.5,14248.7001953125,14310.7998046875,650200,-0.03532558930400764,0.028216438647631382,0.02332857635449189,0.017800860387586298
14364.900390625,14528.900390625,14274.900390625,14504.7998046875,605100,0.013556195506029933,0.017511444723140205,-0.009645042740768394,0.01943655492300018
14522.400390625,14597.5498046875,14353.2001953125,14581.4501953125,568000,0.005284484560774683,0.01675756568119343,-0.00404965239372986,0.01892493848163822
14599.599609375,14697.7001953125,14559.0,14617.849609375,577200,0.002496282165007191,0.009488413071615276,-0.0012484736461028823,0.018824995408883008
14306.599609375,14382.2998046875,14191.400390625,14359.4501953125,512300,-0.017676978554819645,0.013294340066363907,-0.0036805438382837632,0.019860503221695653
14526.7001953125,14526.9501953125,14207.2998046875,14296.400390625,467400,-0.004390823034999047,0.02235880234822003,0.016108936403216666,0.01172151558925813
14219.150390625,14424.75,14151.400390625,14406.150390625,524600,0.007676757575422188,0.018974507551502866,-0.01298056697517838,0.010199332737708247
14326.349609375,14461.150390625,14273.2998046875,14341.349609375,498100,-0.004498133053794207,0.013098529152005422,-0.0010459266671941697,0.009531614889141683
14449.4501953125,14557.5,14421.2998046875,14485.0,452700,0.010016518287169873,0.009402843998101484,-0.0024542495469451154,0.011129987976430882
14493.7998046875,14667.5498046875,14484.849609375,14653.0498046875,451800,0.011601643402658013,0.012468407447441715,-0.010868044681664567,0.007907168209510464
14710.5,14890.25,14694.9501953125,14864.5498046875,457000,0.014433855260107098,0.013138628969840221,-0.010363570152586845,0.007324993305401959
14979.0,15044.349609375,14814.4501953125,14894.900390625,517500,0.0020418099664161193,0.015434773515316759,0.005646201530017155,0.007777097877689061
14747.349609375,14855.4501953125,14601.7001953125,14631.099609375,613900,-0.017710812045177438,0.017343194071169302,0.007945404180387907,0.013019344627324951
14481.0498046875,14673.849609375,14416.25,14634.150390625,448900,0.00020851346320172048,0.017602635103437552,-0.010461870477672556,0.012633818394643658
14687.25,14723.400390625,14461.5,14496.5,503400,-0.00940610742344028,0.01806645677404891,0.013158348566895458,0.012175055930076778
14604.150390625,14637.900390625,14506.599609375,14617.849609375,455900,0.0083709591539336,0.008982222745388738,-0.0009371569085793682,0.01027146454835211
14668.349609375,14743.900390625,14611.5,14724.7998046875,467800,0.0073164109749706,0.008991659810739946,-0.003833681684047726,0.011187176760786541
14816.849609375,14863.0498046875,14765.5,14823.150390625,488000,0.006679247748155426,0.006580909058926908,-0.00042506357177519907,0.00745065221530973
14928.25,14966.900390625,14892.5,14942.349609375,522000,0.008041422748121585,0.004979162753515039,-0.0009436005543702273,0.007634433086777852
14789.7001953125,14900.0,14771.400390625,14850.75,647400,-0.006130201191218876,0.008659469008299244,-0.004110890338030066,0.006176089501766124
14823.5498046875,14824.0498046875,14649.7001953125,14696.5,643800,-0.0103866808073666,0.011863342249855408,0.00864490216633212,0.008691586222394207
14749.400390625,14749.650390625,14591.900390625,14677.7998046875,620700,-0.0012724250884564858,0.010747523613833524,0.004878155233772411,0.0079761377657779
14756.25,14938.0,14725.349609375,14923.150390625,546400,0.01671576048197254,0.014249698291494195,-0.011183991734737855,0.010971012250020081
15067.2001953125,15137.25,15043.7001953125,15108.099609375,583900,0.012393443335275034,0.006192029911521745,-0.002707118374909361,0.011773568323192292
15058.599609375,15133.400390625,15008.849609375,15030.150390625,569100,-0.005159432408138875,0.008286728875826025,0.0018928099859696077,0.011607367714273663
15042.599609375,15069.7998046875,14884.900390625,14906.0498046875,480300,-0.00825677606093067,0.012404320157601697,0.009160696930219515,0.01104351253194009
14987.7998046875,15190.0,14985.849609375,15175.2998046875,572900,0.01806313567497475,0.013452807737079433,-0.012355604331591729,0.012511892082854066
15211.349609375,15256.25,15145.4501953125,15197.7001953125,579800,0.001476108604989923,0.007290563918458828,0.0008981236560193466,0.011272480854179083
15291.75,15293.849609375,15163.400390625,15208.4501953125,441500,0.0007073438653115716,0.008577416967194109,0.005477205344248318,0.010178646505802478
15257.0498046875,15319.900390625,15194.9501953125,15301.4501953125,384000,0.006115021504864648,0.008165905434948753,-0.0029017112795362214,0.00960425610649742
15323.9501953125,15384.5498046875,15272.5,15337.849609375,0,0.002378821196545866,0.007305444214227493,-0.0009062166090091417,0.007190373905603108
15421.2001953125,15469.650390625,15394.75,15435.650390625,468100,0.006376433707514062,0.004852428548815249,-0.000936157204057723,0.002656335979158847
15437.75,15606.349609375,15374.0,15582.7998046875,436000,0.009533088035724946,0.0149106458587183,-0.009308327547394097,0.0034993482818766438
15629.650390625,15660.75,15528.2998046875,15574.849609375,409600,-0.0005101904286871628,0.00850410749602192,0.0035185432042318826,0.0038946917071637456
15520.349609375,15597.4501953125,15459.849609375,15576.2001953125,428600,8.67158252806366e-05,0.008834027825278562,-0.0035856361138904514,0.0042905295238752925
15655.5498046875,15705.099609375,15611.0,15690.349609375,410200,0.0073284506253876724,0.005997292075555499,-0.0022179113629633264,0.004511441431071973
15712.5,15733.599609375,15622.349609375,15670.25,414200,-0.001281017305247989,0.007099440021697165,0.002696191828464766,0.0050136703635809835
15725.099609375,15773.4501953125,15678.099609375,15751.650390625,394000,0.0051945814919991395,0.006053371143524767,-0.0016855872617514659,0.0038467688467201796
15773.900390625,15778.7998046875,15680.0,15740.099609375,378200,-0.0007333060957773752,0.006276949138787762,0.002147431216373487,0.003886628487617291
15766.2998046875,15800.4501953125,15566.900390625,15635.349609375,457900,-0.006654976944212576,0.014937293410277367,0.008375264933889416,0.005571962783119433
15692.099609375,15751.25,15648.5,15737.75,298300,0.0065492869160790335,0.006528887547457546,-0.0029006935950183477,0.005349151884317218
15796.4501953125,15835.5498046875,15749.7998046875,15799.349609375,363000,0.003914130633349666,0.0054274386047586266,-0.00018351477334102088,0.005393191773205342
15791.400390625,15823.0498046875,15606.5,15811.849609375,392900,0.0007911718082738162,0.013695412620109005,-0.001293284419924881,0.005016879548182244
15866.9501953125,15901.599609375,15842.400390625,15869.25,323300,0.003630213545097627,0.003730435827149991,-0.00014492207807552342,0.005068547425138972
15847.5,15880.849609375,15742.599609375,15767.5498046875,340200,-0.006408632752808119,0.008768007820650736,0.0050705528952083466,0.004967883417897928
15648.2998046875,15769.349609375,15616.75,15691.400390625,357600,-0.0048295020472909345,0.009725047196308389,-0.00274676477972297,0.004791514541826312
15756.5,15761.5,15450.900390625,15683.349609375,640800,-0.000513069646403852,0.019804417876990613,0.004664207101604944,0.004114518740776828
15525.849609375,15765.150390625,15505.650390625,15746.5,351500,0.004026588209654625,0.016479852665671736,-0.014012662536119137,0.004761747068038716
15840.5,15895.75,15752.099609375,15772.75,322200,0.0016670371193598932,0.009107504438033952,0.004295382859678876,0.004367822016226491
15862.7998046875,15862.9501953125,15673.9501953125,15686.9501953125,287500,-0.005439749231269109,0.012048231023036975,0.01120992973048047,0.00409242174573133
15737.2998046875,15821.400390625,15702.7001953125,15790.4501953125,316700,0.006597840798329813,0.00751721412906498,-0.003365983234650146,0.004591904586812275
15839.349609375,15870.7998046875,15772.2998046875,15860.349609375,314600,0.0044266891189239654,0.0062104557860298976,-0.0013240565635190646,0.004644079251434256
15915.349609375,15915.650390625,15792.150390625,15814.7001953125,255100,-0.0028782098242977616,0.007809190087372354,0.006364294790256766,0.004998884041724258
15807.5,15835.900390625,15724.0498046875,15748.4501953125,360300,-0.0041891404314852165,0.007102323374702111,0.003749562906518641,0.005433952021694686
15776.900390625,15839.099609375,15708.75,15721.5,262400,-0.0017112919035373597,0.008291168741850333,0.0035238616305696023,0.004766544521924401
15755.0498046875,15755.5498046875,15667.0498046875,15680.0,224900,-0.002639697229908089,0.0056441326530612245,0.0047863395846619895,0.003374479687567642
15705.849609375,15738.349609375,15635.9501953125,15722.2001953125,254800,0.002691338986766656,0.006513046061646633,-0.0010399680537317448,0.002633472476069043
15793.400390625,15845.9501953125,15762.0498046875,15834.349609375,207000,0.007133188273225066,0.005298631942250746,-0.002586100456298837,0.0046163070736938185
15813.75,15914.2001953125,15801.0,15818.25,391400,-0.0010167521731027085,0.007156303340287326,-0.0002844815324071879,0.0040337141291308855
15819.599609375,15893.5498046875,15779.7001953125,15879.650390625,329300,0.0038816171589777237,0.007169528709663176,-0.003781618598193615,0.0039049694210122796
15855.400390625,15885.75,15682.900390625,15727.900390625,307900,-0.0095562557277451,0.012897437314386443,0.00810661288750274,0.00639502016961557
15688.25,15730.849609375,15632.75,15689.7998046875,243200,-0.0024224839292732447,0.006252444938506587,-9.877784973629675e-05,0.006391184160464995
15766.7998046875,15789.2001953125,15644.75,15692.599609375,216300,0.00017844744498685117,0.009204988268878231,0.004728355859418707,0.004933423259255516
15794.0,15820.7998046875,15744.599609375,15812.349609375,246700,0.007630985495128417,0.0048190305169651445,-0.001160460641732882,0.006528871145757977
15808.7001953125,15877.349609375,15764.2001953125,15853.9501953125,0,0.0026308921169333477,0.00713698558835858,-0.002854178261098547,0.006362045356522223
15872.150390625,15952.349609375,15855.0,15924.2001953125,284900,0.004431072328003882,0.006113312328468223,-0.003268597734837669,0.0038630660609840855
15958.349609375,15962.25,15882.599609375,15923.400390625,276300,-5.0225736783704455e-05,0.005002096830517096,0.0021948338855171013,0.0031972204820579606
15754.5,15836.900390625,15707.5,15752.400390625,242100,-0.010738912280361723,0.008214645858164721,0.0001332882178546945,0.007019023169534129
15703.9501953125,15728.4501953125,15578.5498046875,15632.099609375,274300,-0.0076369809214345,0.009589267876408656,0.004596349033907718,0.006602602347183888
15736.599609375,15834.7998046875,15726.400390625,15824.0498046875,265300,0.012279233123449584,0.006850295303695849,-0.005526410520181436,0.009266544691466544
15856.7998046875,15899.7998046875,15768.400390625,15856.0498046875,294100,0.002022238326785386,0.008287020770056776,4.730055778320516e-05,0.009015496488740985
15849.2998046875,15893.349609375,15797.0,15824.4501953125,267100,-0.0019929055322251976,0.006088654467347028,0.0015703300315837148,0.009015624061825236
15860.5,15881.5498046875,15701.0,15746.4501953125,311000,-0.004929081202650898,0.011466063934920848,0.007242889875043141,0.007769278355293986
15761.5498046875,15767.5,15513.4501953125,15709.400390625,318600,-0.002352898858342667,0.016171833320838328,0.003319631097672037,0.006775310839272096
15762.7001953125,15817.349609375,15737.7998046875,15778.4501953125,401600,0.004395444954646832,0.005041674163355591,-0.0009981968954516868,0.0037276101657038917
15800.599609375,15862.7998046875,15744.849609375,15763.0498046875,400000,-0.000976039499086867,0.007482701429860663,0.002382140839035712,0.0034358007409076518
15874.900390625,15892.900390625,15834.650390625,15885.150390625,244800,0.007746000136419795,0.0036669467123444815,-0.0006452567176228487,0.005174187939558446
15951.5498046875,16146.900390625,15914.349609375,16130.75,341300,0.015460955882416139,0.014416613068208236,-0.011109228976489005,0.0071939245187786155
16195.25,16290.2001953125,16176.150390625,16258.7998046875,427300,0.007938242467802281,0.007014650900284708,-0.003908640579311288,0.005987227837362389
16288.9501953125,16349.4501953125,16210.2998046875,16294.599609375,418200,0.0022018725316477195,0.008539663076160562,-0.00034670468731552283,0.006290499340574073
16304.400390625,16336.75,16223.2998046875,16238.2001953125,320100,-0.003461233501561467,0.0069866237605107125,0.0040768185215261776,0.007075540466490702
16281.349609375,16320.75,16179.0498046875,16258.25,240500,0.0012347307242392969,0.00871558718266111,0.0014207930973505758,0.00726525469994296
16274.7998046875,16359.25,16202.25,16280.099609375,288000,0.0013439090538649445,0.009643675638789737,-0.0003255388366572446,0.004063077188133274
16327.2998046875,16338.75,16162.5498046875,16282.25,277900,0.00013208706805212245,0.010821612204240815,0.002766804630041917,0.002222340315781447
16303.650390625,16375.5,16286.900390625,16364.400390625,280200,0.005045395484346349,0.0054141677825090264,-0.0037123266694698486,0.0030452847746631016
16385.69921875,16543.599609375,16376.2998046875,16529.099609375,321900,0.010064482340847336,0.0101215316406352,-0.008675632309921221,0.0040799242858219915
16518.400390625,16589.400390625,16480.75,16563.05078125,254000,0.002054024277023725,0.006559805440432287,-0.002695782994008926,0.003978165830212241
16545.25,16628.55078125,16495.400390625,16614.599609375,297400,0.0031122785775283823,0.008014059547355458,-0.00417401628720975,0.0037872510663346424
16691.94921875,16701.849609375,16535.849609375,16568.849609375,251800,-0.00275360231817956,0.010018800575392619,0.007429580947209979,0.004659111752702027
16382.5,16509.55078125,16376.0498046875,16450.5,350800,-0.007142898400624986,0.00811531421917267,-0.004133612960092398,0.006482891013599769
16592.25,16592.5,16395.69921875,16496.44921875,275600,0.0027931806783987323,0.011929887373963763,0.005807357691321357,0.004459822534294172
16561.400390625,16647.099609375,16495.30078125,16624.599609375,275400,0.007768362083601765,0.009130976486158324,-0.0038015483220636775,0.005778954896480846
16654.0,16712.44921875,16617.5,16634.650390625,265900,0.0006045728309951315,0.005707917901509474,0.0011632110636905903,0.0056301810578051475
16627.94921875,16683.69921875,16603.400390625,16636.900390625,253500,0.00013525983096518424,0.0048265497923067995,-0.0005380312236553417,0.005387381614126001
16642.55078125,16722.05078125,16565.599609375,16705.19921875,217400,0.004105261588480014,0.009365417905306895,-0.003750235880436737,0.003078692547055899
16775.849609375,16951.5,16764.849609375,16931.05078125,283500,0.013519836521704187,0.011024146878804637,-0.00916665916842414,0.005562836645507376
16947.5,17153.5,16915.849609375,17132.19921875,464400,0.011880446175423387,0.013871563573981102,-0.010780823663774558,0.006289105496816205
17185.599609375,17225.75,17055.05078125,17076.25,301900,-0.00326573477436376,0.009996294195154088,0.006403607898396896,0.007285921628175705
17095.400390625,17245.5,17059.69921875,17234.150390625,242400,0.009246783727399066,0.010780965527089258,-0.008050875549715347,0.006802435714348596
17262.44921875,17340.099609375,17212.19921875,17323.599609375,261400,0.005190230833697296,0.007383014703005733,-0.003529889399654982,0.006699658077532673
17399.349609375,17429.55078125,17345.55078125,17377.80078125,228000,0.0031287476677577253,0.0048337531922124964,0.0012400204373530616,0.0058514347049066625
17401.55078125,17436.5,17287.0,17362.099609375,243400,-0.0009035189246697772,0.008610709727714879,0.0022722581233031044,0.004945165550379965
17375.75,17383.400390625,17254.19921875,17353.5,252700,-0.0004953092983268625,0.007445251498256836,0.0012821620998645807,0.004213617629043375
17312.849609375,17379.650390625,17302.69921875,17369.25,241500,0.0009075978909154347,0.004430310570404594,-0.003247140240655181,0.0025670139011488295
17363.55078125,17378.349609375,17269.150390625,17355.30078125,241100,-0.000803098507419775,0.006291980768663752,0.0004753590908037147,0.0017063427537761485
17420.349609375,17438.55078125,17367.05078125,17380.0,230400,0.001423151293159064,0.004113924050632912,0.002321611586593786,0.0010668199767015106
17387.650390625,17532.69921875,17386.900390625,17519.44921875,388200,0.00802354538262362,0.008322112545008573,-0.007523000665109023,0.0035956520809868457
17539.19921875,17644.599609375,17510.44921875,17629.5,503300,0.006281634763507293,0.0076094268484642215,-0.005122140800930259,0.00378135459141164
17709.650390625,17792.94921875,17537.650390625,17585.150390625,508300,-0.002515647600612625,0.014517864360210702,0.007079837091775653,0.0045286715451849395
17443.849609375,17622.75,17361.80078125,17396.900390625,339100,-0.010705054879733056,0.014999753570505163,0.002698711707017672,0.007508838419518577
17450.5,17578.349609375,17326.099609375,17562.0,363600,0.00949017386246398,0.014363398246213415,-0.006348935201002164,0.008550755048366982
17580.900390625,17610.44921875,17524.0,17546.650390625,295200,-0.0008740239935656202,0.004926821748052207,0.0019519395005612827,0.007915971436008822
17670.849609375,17843.900390625,17646.55078125,17822.94921875,320500,0.015746528367181822,0.011072780770052656,-0.008533919246932994,0.010426869515581671
17897.44921875,17947.650390625,17819.400390625,17853.19921875,360100,0.0016972499684944076,0.007183586450170105,0.002478547371696118,0.010113170916790154
17932.19921875,17943.5,17802.900390625,17855.099609375,295700,0.00010644538279747096,0.00787447913766758,0.004318072206918301,0.007154310592780147
17906.44921875,17912.849609375,17576.099609375,17748.599609375,398000,-0.0059646824901542495,0.018973327891296,0.008893637405151793,0.008127717677016127
17657.94921875,17781.75,17608.150390625,17711.30078125,562200,-0.0021015082285871234,0.009801629565163308,-0.0030122893376911325,0.008259078964217136
17718.900390625,17742.150390625,17585.349609375,17618.150390625,378600,-0.005259376020738893,0.008899957020087484,0.005718534452606969,0.0033164775812814093
17531.900390625,17557.150390625,17452.900390625,17532.05078125,305800,-0.004886983449795879,0.00594625245504606,-8.578039550332483e-06,0.002548653653213107
17615.55078125,17750.900390625,17581.349609375,17691.25,295800,0.009080467581137563,0.009583877976400763,-0.004278907298805907,0.00627123038862754
17661.349609375,17833.44921875,17640.900390625,17822.30078125,427000,0.007407660919946268,0.010803814304804659,-0.009030886295237992,0.00688644229018459
17861.5,17884.599609375,17613.150390625,17646.0,395800,-0.009892144870289554,0.015383045378556047,0.012212399410631304,0.008429197345791532
17810.55078125,17857.55078125,17763.80078125,17790.349609375,419900,0.008180302016037588,0.005269710942082693,0.0011355129223741937,0.008752473231251322
17886.849609375,17941.849609375,17840.349609375,17895.19921875,324100,0.005893622760496431,0.005671912268719067,-0.0004665837620992537,0.007927577964532084
17867.55078125,18041.94921875,17839.099609375,17945.94921875,375800,0.0028359561343596074,0.011303364726066533,-0.004368586835077467,0.007429743139208069
17915.80078125,18008.650390625,17864.94921875,17991.94921875,355600,0.0025632525445875576,0.007986970734957627,-0.004232361739918831,0.006995721957040055
18097.849609375,18197.80078125,18050.75,18161.75,506700,0.00943759784921161,0.008096729734194117,-0.003518404923809655,0.0030889811171720878
18272.849609375,18350.75,18248.69921875,18338.55078125,538700,0.009734787740718787,0.005564822567895628,-0.003582680695912747,0.003448048572645838
18500.099609375,18543.150390625,18445.30078125,18477.05078125,469900,0.007552396132719963,0.005295737427657831,0.0012474300362041173,0.0035034194654925263
18602.349609375,18604.44921875,18377.69921875,18418.75,368200,-0.003155307734996393,0.012310824567356634,0.009968081947743467,0.0054958025841064795
18439.900390625,18458.30078125,18209.349609375,18266.599609375,371300,-0.008260625212080042,0.013628763820236709,0.009487303874611481,0.008249162965054535
18382.69921875,18384.19921875,18048.0,18178.099609375,365900,-0.004844908296702255,0.018494739602846703,0.011255280462292206,0.007957090172671582
18230.69921875,18314.25,18034.349609375,18114.900390625,324700,-0.003476668084567369,0.015451389993281817,0.006392462869126751,0.005939224355885084
18229.5,18241.400390625,17968.5,18125.400390625,418700,0.000579633328010587,0.015056240675717831,0.005743299851673535,0.003189254826631518
18154.5,18310.44921875,18099.30078125,18268.400390625,341400,0.007889480889700096,0.01155812402756168,-0.006234831084797744,0.006188976741333745
18295.849609375,18342.05078125,18167.900390625,18210.94921875,335200,-0.0031448386638428527,0.009562949659191553,0.0046620519120215064,0.005153481557384061
18187.650390625,18190.69921875,17799.44921875,17857.25,374200,-0.0194223384240636,0.021909868540788757,0.018502310861134835,0.010000126385802834
17833.05078125,17915.849609375,17613.099609375,17671.650390625,336500,-0.010393515763905459,0.01713195956845163,0.009133294687100908,0.010461295435088468
17783.150390625,17954.099609375,17697.099609375,17929.650390625,281200,0.014599655057507821,0.014333798730084517,-0.008170823011507322,0.01368032844745408
17970.900390625,18012.25,17847.599609375,17888.94921875,296400,-0.002270048271341696,0.009204028062890607,0.004581105959488345,0.012533127248594211
17947.94921875,17988.75,17757.94921875,17829.19921875,331000,-0.0033400508475575075,0.012945100810095799,0.006660422520553648,0.012529609397900654
17935.05078125,17947.55078125,17900.599609375,17916.80078125,48500,0.004913376165984751,0.002620510907512829,0.0010185970264902813,0.009475787847050722
18040.19921875,18087.80078125,17836.099609375,18068.55078125,338900,0.008469704042186388,0.013930346430229147,-0.001569111039576059,0.007503818509534867
18084.349609375,18112.599609375,17983.05078125,18044.25,270200,-0.001344921435271762,0.007179507495462543,0.00222229293957909,0.00514127985556987
17973.44921875,18061.25,17915.0,18017.19921875,261400,-0.0014991358050348014,0.00811724387483054,-0.0024282353471715284,0.005018074169593236
17967.44921875,17971.349609375,17798.19921875,17873.599609375,232100,-0.007970140510272006,0.009687494092358416,0.005250739158651306,0.006366645154179926
17977.599609375,18123.0,17905.900390625,18102.75,249100,0.012820606684330382,0.01199263147173772,-0.0069133358536686415,0.008392458151251964
18140.94921875,18210.150390625,18071.30078125,18109.44921875,280400,0.0003700663573213969,0.0076672464025708265,0.001739423414787558,0.007598597559480344
18127.05078125,18132.650390625,17958.80078125,17999.19921875,267400,-0.006087981951756416,0.009658741328553029,0.007103180588546148,0.008158106886674293
17939.349609375,18022.650390625,17879.25,17898.650390625,295700,-0.005586294529162039,0.00801179907397435,0.0022738708149368366,0.008484811330177061
17890.55078125,17945.599609375,17688.5,17764.80078125,278400,-0.007478195643460861,0.014472417255945691,0.007078604570264804,0.008390320555495503
17796.25,17805.25,17280.44921875,17416.55078125,356400,-0.019603372100156835,0.03013230276427527,0.02180105713921093,0.007313159016545501
17281.75,17553.69921875,17216.099609375,17503.349609375,308800,0.004983697932798847,0.01928771446090397,-0.012660411539532334,0.00873515155343362
17550.05078125,17600.599609375,17354.0,17415.05078125,298100,-0.0050446817378146935,0.01416014299771682,0.007751915380307039,0.008767452311675816
17417.30078125,17564.349609375,17351.69921875,17536.25,255900,0.006959452503032093,0.01212633206215696,-0.00678304761565329,0.010694205772582505
17338.75,17355.400390625,16985.69921875,17026.44921875,356300,-0.029071254187753914,0.02171334534436427,0.018342096889237814,0.01564529152184645
17055.80078125,17160.69921875,16782.400390625,17053.94921875,348900,0.0016151341742889347,0.022182476520399074,0.00010857089324297365,0.01467943383608183
17051.150390625,17324.650390625,16931.400390625,16983.19921875,498000,-0.004148599194972014,0.02315523682757247,0.004001081951625446,0.013807077342762134
17104.400390625,17213.05078125,17064.25,17166.900390625,295500,0.01081664117042136,0.008667888661558347,-0.003640727130573427,0.015749165710004474
17183.19921875,17420.349609375,17149.30078125,17401.650390625,279900,0.013674571102433752,0.015576041469665739,-0.012553474352794079,0.01702080035273845
17424.900390625,17489.80078125,17180.80078125,17196.69921875,292500,-0.01177768586739425,0.017968564552381622,0.013270056594708968,0.010509523171368074
17209.05078125,17216.75,16891.69921875,16912.25,231700,-0.01654091957599968,0.019219842495824032,0.017549455646055374,0.013423832447306678
17044.099609375,17251.650390625,16987.75,17176.69921875,254100,0.015636548581649423,0.015363859334331688,-0.007719737516871397,0.015271869131653463
17315.25,17484.599609375,17308.94921875,17469.75,257800,0.017060948527881648,0.010054545178093562,-0.00884385866998669,0.01635314887320092
17524.400390625,17543.25,17379.599609375,17516.849609375,237200,0.002696066593683266,0.009342455651238478,0.00043105817646335386,0.015371656459454389
17476.05078125,17534.349609375,17405.25,17511.30078125,204500,-0.00031677089480919296,0.007372359768569091,-0.0020129858107253507,0.013673268045869671
17619.099609375,17639.5,17355.94921875,17368.25,256600,-0.008169055116863166,0.016325811826177077,0.014442998539000763,0.010780479199247786
17283.19921875,17376.19921875,17225.80078125,17324.900390625,271000,-0.002495911181322197,0.008681056404883281,-0.002407007886611902,0.009434074108399006
17323.650390625,17351.19921875,17192.19921875,17221.400390625,215000,-0.005974060321640162,0.009232698642008031,0.0059373801015429,0.004340321547528741
17373.0,17379.349609375,17184.94921875,17248.400390625,219500,0.0015678167505297491,0.011270632999142471,0.007223835634214722,0.003995398403718044
17276.0,17298.150390625,16966.44921875,16985.19921875,354600,-0.01525945397337003,0.019528836112138993,0.01712083429254008,0.006323993634469929
16824.25,16840.099609375,16410.19921875,16614.19921875,330600,-0.021842546279377872,0.025875480663541985,0.012642847150463118,0.009579296042808272
16773.150390625,16936.400390625,16688.25,16770.849609375,241000,0.00942870544420904,0.014796530671068836,0.0001371893078519916,0.012561611555104796
16865.55078125,16971.0,16819.5,16955.44921875,207900,0.011007170994593363,0.008935180545524288,-0.00530203808464047,0.014806015140113087
17066.80078125,17118.650390625,17015.55078125,17072.599609375,197000,0.006909306212627531,0.006038893415996552,-0.00033965700934119697,0.015400531464764488
17149.5,17155.599609375,16909.599609375,17003.75,182600,-0.004032754879180422,0.014467396897743144,0.00857163860913034,0.013699677382692444
16937.75,17112.05078125,16833.19921875,17086.25,144800,0.004851870910828504,0.016320231911624846,-0.008691199063574512,0.005893959432900154
17177.599609375,17250.25,17161.150390625,17233.25,176000,0.008603409174043453,0.00517021510016973,-0.003229245245383198,0.0057713630912534074
17220.099609375,17285.94921875,17176.650390625,17213.599609375,161700,-0.0011402602889762914,0.006349562590352854,0.0003776084112273601,0.005401489420932832
17201.44921875,17264.05078125,17146.349609375,17203.94921875,320800,-0.0005606259494814747,0.006841520535687323,-0.00014531547194264761,0.0050870464412243015
17244.5,17400.80078125,17238.5,17354.05078125,167000,0.008724831757606522,0.009352328358135044,-0.006312692214106172,0.004780605313756364
17387.150390625,17646.650390625,17383.30078125,17625.69921875,200500,0.015653315812207858,0.01494122906028329,-0.013534148357146293,0.007090240829119092
17681.400390625,17827.599609375,17593.55078125,17805.25,247400,0.01018687423526421,0.013144933551901827,-0.006955791655551031,0.007254750262309846
17820.099609375,17944.69921875,17748.849609375,17925.25,251500,0.0067395852346920915,0.010925906716782193,-0.005866048765010251,0.005887344549414447
17768.5,17797.94921875,17655.55078125,17745.900390625,236500,-0.010005417462796928,0.00802430050690625,0.001273511564785925,0.009676310323488363
17797.599609375,17905.0,17704.55078125,17812.69921875,239300,0.003764183651131514,0.011253163615933244,-0.000847687887701256,0.009614499669030215
17913.30078125,18017.44921875,17879.150390625,18003.30078125,232400,0.010700318921871732,0.007681859554834237,-0.004999083284423755,0.008463161268355784
17997.75,18081.25,17964.400390625,18055.75,220200,0.002913311252602302,0.0064716009789125345,-0.0032122730985973996,0.00779188791087603
18170.400390625,18227.94921875,18128.80078125,18212.349609375,245000,0.008673115731830494,0.005444022305005736,-0.0023033391983869117,0.008077637486766594
18257.0,18272.25,18163.80078125,18257.80078125,303700,0.0024956237305924223,0.005939884000781344,-4.385967727407613e-05,0.0037290487869198795
18185.0,18286.94921875,18119.650390625,18255.75,229500,-0.00011232356375068253,0.009164171733563398,-0.0038754912835681906,0.004547682479006757
18235.650390625,18321.55078125,18228.75,18308.099609375,266700,0.0028675682661627455,0.005068837467023592,-0.003957222229275016,0.0032200589166278652
18337.19921875,18350.94921875,18085.900390625,18113.05078125,227500,-0.010653690567923424,0.014633030698471255,0.012374968756341734,0.0070895838615808475
18129.19921875,18129.19921875,17884.900390625,17938.400390625,276700,-0.00964224043394124,0.013618763256765965,0.010636334565523224,0.006626968460607998
17921.0,17943.69921875,17648.44921875,17757.0,258100,-0.010112406160797005,0.016627245593287154,0.009235794334628598,0.006403739951875045
17613.69921875,17707.599609375,17485.849609375,17617.150390625,277600,-0.007875745304668613,0.012587166203565174,-0.0001958984170809229,0.0056594853541802005
17575.150390625,17599.400390625,16997.849609375,17149.099609375,323800,-0.02656790518738339,0.03507768891383351,0.02484391547980095,0.007672345978582488
17001.55078125,17309.150390625,16836.80078125,17277.94921875,326500,0.007513491221694313,0.02733829133277039,-0.015997178484588488,0.01207966100210172
17062.0,17182.5,16866.75,17110.150390625,395600,-0.00971173291462768,0.01845395819390377,-0.0028141418705111194,0.012080140027054459
17208.30078125,17373.5,17077.099609375,17101.94921875,355300,-0.0004793161771092791,0.017331380583216597,0.0062186807561912145,0.012681523751491413
17301.05078125,17410.0,17264.150390625,17339.849609375,321700,0.0139107178709299,0.008411238428281675,-0.002237552746940951,0.015837698903917657
17529.44921875,17622.400390625,17244.55078125,17576.849609375,386400,0.013667938611870323,0.021497004171524888,-0.002696751219838506,0.010090933129537363
17706.19921875,17794.599609375,17674.80078125,17780.0,271200,0.011557838585399605,0.006737841851799775,-0.004150775098425197,0.010498618742435153
17767.75,17781.150390625,17511.150390625,17560.19921875,226600,-0.012362248664229525,0.015375679776554357,0.011819386481013638,0.011496461577974687
17590.19921875,17617.80078125,17462.55078125,17516.30078125,261400,-0.0024998826581151823,0.008863172763405872,0.0042188381224364,0.011780597487351607
17456.30078125,17536.75,17119.400390625,17213.599609375,265000,-0.017281112927623465,0.024245341988069706,0.014099385217651876,0.01386125335185125
17279.849609375,17306.44921875,17043.650390625,17266.75,268500,0.0030876976246183574,0.015219935895579654,0.0007586609741265728,0.011614592345566993
17370.099609375,17477.150390625,17339.0,17463.80078125,236400,0.01141215233034587,0.007910671471546164,-0.005365451258216494,0.011567461847139937
17554.099609375,17639.44921875,17427.150390625,17605.849609375,273600,0.008133901085124018,0.012058425627579613,-0.0029393639698275884,0.011282620250631288
17451.0,17454.75,17303.0,17374.75,253100,-0.01312629691281364,0.008733938617821839,0.00438855235327127,0.01289168360539492
17076.150390625,17099.5,16809.650390625,16842.80078125,305500,-0.03061622289529342,0.01720910988258383,0.01385456091333533,0.01751048397055288
16933.25,17375.0,16839.25,17352.44921875,298700,0.03025912638397754,0.030874604111856507,-0.024157927994224518,0.023528248463169903
17408.44921875,17490.599609375,17257.69921875,17322.19921875,244500,-0.0017432697608654735,0.013445197557415373,0.004979159915597827,0.022827644348573307
17396.55078125,17442.900390625,17235.849609375,17304.599609375,232100,-0.001016014719190439,0.011965072057363723,0.005313683873112223,0.022229337950150942
17236.05078125,17380.80078125,17219.19921875,17276.30078125,189600,-0.0016353356196504576,0.009353944721510432,-0.002329781155679079,0.021536002819135043
17192.25,17351.05078125,17070.69921875,17206.650390625,215200,-0.004031556958107085,0.016293209668091405,-0.0008369084219230732,0.014519626749075424
16847.94921875,17148.55078125,16843.80078125,17092.19921875,300100,-0.006651566067580439,0.017829771119546266,-0.0142901446954854,0.0023331691464842774
17194.5,17220.69921875,17027.849609375,17063.25,200200,-0.0016937094155936583,0.011302044415630081,0.00769196958375456,0.0023400206840041146
16548.900390625,16705.25,16203.25,16247.9501953125,458000,-0.04778103847083648,0.030896204996050884,0.018522348462104685,0.019908461263287106
16515.650390625,16748.80078125,16478.30078125,16658.400390625,329800,0.025261660109649586,0.016238053694052866,-0.008569250147231226,0.02617725843845794
16481.599609375,16815.900390625,16356.2998046875,16793.900390625,404200,0.008134034290366632,0.027367113966810633,-0.018596083934399082,0.027069897452511895
16593.099609375,16678.5,16478.650390625,16605.94921875,517700,-0.011191633122935585,0.01203481997580404,-0.0007737955359089822,0.02723382481674974
16723.19921875,16768.94921875,16442.94921875,16498.05078125,442100,-0.00649757722841704,0.0197599100840748,0.013646972026288144,0.027152612103650886
16339.4501953125,16456.0,16133.7998046875,16245.349609375,456100,-0.015317032007332254,0.019833380201713977,0.005792462963259077,0.016631042376119173
15867.9501953125,15944.599609375,15711.4501953125,15863.150390625,585400,-0.02352668473994779,0.014697547985190225,0.00030257575382609044,0.011760734192513356
15747.75,16028.75,15671.4501953125,16013.4501953125,543600,0.009474776509483585,0.02231248109118232,-0.016592314090456063,0.01227258131664455
16078.0,16418.05078125,15990.0,16345.349609375,462200,0.020726290088294297,0.026187924484924338,-0.01635631025118359,0.01805436282400695
16757.099609375,16757.30078125,16447.900390625,16594.900390625,486400,0.01526738719047449,0.01864430537948817,0.009774039911781069,0.01956899677133942
16528.80078125,16694.400390625,16470.900390625,16630.44921875,343700,0.0021421537513466316,0.013439204020298797,-0.006112188321731951,0.017280988487468195
16633.69921875,16887.94921875,16606.5,16871.30078125,314700,0.014482565042708062,0.016682129161184178,-0.014083179808166282,0.006994009919139541
16900.650390625,16927.75,16555.0,16663.0,381600,-0.012346456503312231,0.022369921382704196,0.014262161112944849,0.013276623160736023
16876.650390625,16987.900390625,16837.849609375,16975.349609375,260000,0.018745100484606647,0.008839333781210093,-0.005814267218124995,0.012825795280524242
17202.900390625,17344.599609375,17175.75,17287.05078125,448300,0.018361988356508263,0.009767404024643626,-0.004867828045965583,0.013348786948820206
17329.5,17353.349609375,17096.400390625,17117.599609375,285500,-0.009802202470463706,0.015010820711641927,0.012379094935071737,0.01560007871775227
17120.400390625,17334.400390625,17006.30078125,17315.5,338300,0.011561223252155806,0.018948318522422108,-0.011267339053160463,0.015248467569014967
17405.05078125,17442.400390625,17199.599609375,17245.650390625,292100,-0.0040339354552280104,0.01407895763571725,0.00924293297234255,0.013152024832221882
17094.94921875,17291.75,17091.150390625,17222.75,290300,-0.0013278937068936791,0.011647362318735394,-0.007420463122904298,0.011633754026572704
17289.0,17294.900390625,17076.55078125,17153.0,237100,-0.004049875890900112,0.012729528908937212,0.007928642220019821,0.00794464871363517
17181.849609375,17235.099609375,17003.900390625,17222.0,253200,0.004022619949862971,0.013424643987341773,-0.0023313430858785274,0.006645707790871518
17297.19921875,17343.650390625,17235.69921875,17325.30078125,235100,0.005998187274997013,0.0062308396972725714,-0.0016219956498771102,0.004650885733956024
17468.150390625,17522.5,17387.19921875,17498.25,505000,0.009982465582194733,0.007732246438929607,-0.0017201496935407826,0.005638995224114554
17519.19921875,17559.80078125,17435.19921875,17464.75,281100,-0.001914477162001882,0.007134460126826894,0.0031176637942140597,0.005754515724834678
17436.900390625,17703.69921875,17422.69921875,17670.44921875,291800,0.011777965258592316,0.015902255597544896,-0.013216915157832142,0.005380296181624177
17809.099609375,18114.650390625,17791.400390625,18053.400390625,345500,0.021671841339984343,0.01790521414280832,-0.013532120041876632,0.008604193026066019
18080.599609375,18095.44921875,17921.55078125,17957.400390625,283500,-0.005317557796472028,0.009683942759932387,0.006860637735421797,0.010930336231450991
17842.75,17901.0,17779.849609375,17807.650390625,328800,-0.008339180323571727,0.006803277690625638,0.0019710410191722152,0.012707713596444473
17723.30078125,17787.5,17623.69921875,17639.55078125,308800,-0.00943974110495216,0.009285995050628637,0.0047478533347358395,0.01390933101081371
17698.150390625,17842.75,17600.55078125,17784.349609375,274400,0.008208759390795572,0.013618671701231343,-0.004846914317550313,0.013367634779540862
17740.900390625,17779.05078125,17650.94921875,17674.94921875,251700,-0.006151497975913078,0.007247633977024775,0.003731335861776477,0.0071348087288262176
17584.849609375,17595.30078125,17442.349609375,17530.30078125,266000,-0.008183810641252287,0.008724959929871426,0.003111688088281072,0.007357916652264332
17599.900390625,17663.650390625,17457.400390625,17475.650390625,245100,-0.0031174816283502382,0.011802135851301136,0.007109892749208078,0.007092428208993738
17183.44921875,17237.75,17067.849609375,17173.650390625,376100,-0.017281188010147552,0.00989308543964233,0.0005705734018173052,0.009217376501408164
17258.94921875,17275.650390625,16824.69921875,16958.650390625,401400,-0.012519178806467801,0.026591218138696502,0.0177077079371251,0.00555273586228729
17045.25,17186.900390625,16978.94921875,17136.55078125,286100,0.010490244596548015,0.012134949123048163,-0.005327838864160282,0.010661803759555383
17234.599609375,17414.69921875,17215.5,17392.599609375,285200,0.014941678252146096,0.011453102079267504,-0.009084323421947486,0.014028356577063389
17242.75,17315.30078125,17149.19921875,17171.94921875,262700,-0.012686452605167986,0.00967284263330072,0.004123048603748073,0.014928500075324471
17009.05078125,17054.30078125,16888.69921875,16953.94921875,275700,-0.012695122564301942,0.009767727882354107,0.003250072404313984,0.013973606239659845
17121.30078125,17223.849609375,17064.44921875,17200.80078125,261100,0.014560121616207233,0.009267033125501742,-0.004621877842260705,0.014358927329226846
17073.349609375,17110.69921875,16958.44921875,17038.400390625,265100,-0.009441443610115341,0.008935697982762053,0.0020512030442265006,0.01449862830061823
17189.5,17322.5,17071.05078125,17245.05078125,312900,0.012128508890934642,0.014580949742600515,-0.003221259360418852,0.013757882185784028
17329.25,17377.650390625,17053.25,17102.55078125,336200,-0.008263240381694681,0.018967953656401308,0.01325528698318713,0.01298972131951099
16924.44921875,17092.25,16917.25,17069.099609375,278200,-0.0019559171203674675,0.010252444710316373,-0.00847440075547702,0.011296756622935241
17096.599609375,17132.849609375,16623.94921875,16677.599609375,310600,-0.022936183451936376,0.030514006964103585,0.02512351956000113,0.012735321801876335
16854.75,16945.69921875,16651.849609375,16682.650390625,265800,0.00030284821366977077,0.017614084242880978,0.010316083196930944,0.012840083803935058
16415.55078125,16484.19921875,16340.900390625,16411.25,300500,-0.0162684216398562,0.00873174365907533,0.0002620629903267576,0.009751354758594566
16227.7001953125,16403.69921875,16142.099609375,16301.849609375,288400,-0.006666182687180999,0.016047234862512607,-0.004548527672581249,0.009841010918321721
16248.900390625,16404.55078125,16197.2998046875,16240.0498046875,283100,-0.003790968888092272,0.012761720503017143,0.0005449851474559753,0.00951802026448704
16270.0498046875,16318.75,15992.599609375,16167.099609375,284300,-0.0044919933245182175,0.0201737107153018,0.006367882786644124,0.006176502623139899
16021.099609375,16041.9501953125,15735.75,15808.0,314900,-0.022211752141785834,0.019369951626549847,0.01348049148374241,0.008155864418697372
15977.0,16083.599609375,15740.849609375,15782.150390625,369100,-0.0016352232651188903,0.021717572796898593,0.012346201534788671,0.008276405302446332
15845.099609375,15977.9501953125,15739.650390625,15842.2998046875,217600,0.0038112305721171857,0.015041995646174469,0.0001767296871046197,0.009807152774626732
15912.599609375,16284.25,15900.7998046875,16259.2998046875,295700,0.026321935902047233,0.023583438396403308,-0.021323193463260177,0.01748527846046306
16318.150390625,16399.80078125,16211.2001953125,16240.2998046875,290400,-0.0011685620062508173,0.011613122184053738,0.004793666796411584,0.017317138823730854
15917.400390625,15984.75,15775.2001953125,15809.400390625,313900,-0.026532725334179386,0.013254759795429267,0.006831378631162012,0.018810023005959877
16043.7998046875,16283.0498046875,16003.849609375,16266.150390625,252400,0.028891038794289337,0.017164491204594855,-0.013669527245097391,0.022645021108594517
16290.9501953125,16414.69921875,16185.75,16214.7001953125,293800,-0.0031630222318707046,0.014119855192647152,0.004702522962591876,0.023045176794943917
16225.5498046875,16262.7998046875,16078.599609375,16125.150390625,249800,-0.005522754266735541,0.011423161387666322,0.006226262182390014,0.019807262679824914
16196.349609375,16223.349609375,16006.9501953125,16025.7998046875,243300,-0.006161219184365629,0.013503189650428791,0.010642202371554315,0.019911996043260275
16105.0,16204.4501953125,15903.7001953125,16170.150390625,314300,0.009007387318995308,0.018599084902411696,-0.00402905285672373,0.014899812130683561
16296.599609375,16370.599609375,16221.9501953125,16352.4501953125,274100,0.011273847198922216,0.009090345011728639,-0.0034154261453436387,0.008378433815514662
16527.900390625,16695.5,16506.150390625,16661.400390625,251400,0.018893205092962884,0.011364567499472783,-0.008012531772246317,0.010982965745370665
16578.44921875,16690.75,16521.900390625,16584.55078125,651600,-0.004612433983534836,0.010181138554919218,-0.0003679064076247543,0.010759880234441575
16594.400390625,16649.19921875,16438.849609375,16522.75,249600,-0.0037264067061659745,0.012730907952671316,0.004336468845985081,0.010126446534822196
16481.650390625,16646.400390625,16443.05078125,16628.0,236000,0.006370004993115463,0.012229348651371182,-0.008801395800757759,0.01000952750287009
16761.650390625,16793.849609375,16567.900390625,16584.30078125,245500,-0.002628050201467391,0.013624283696389258,0.010693824944100701,0.009983993637895781
16530.69921875,16610.94921875,16444.55078125,16569.55078125,233600,-0.0008893953501298846,0.010042422977953961,-0.002344756536427299,0.004399302028957741
16469.599609375,16487.25,16347.099609375,16416.349609375,233800,-0.009245946006475991,0.008537244512931384,0.0032437174686868356,0.0056383999700035615
16474.94921875,16514.30078125,16293.349609375,16356.25,243500,-0.0036609606157923524,0.013508669277799007,0.007257116927779901,0.005633533666834106
16263.849609375,16492.80078125,16243.849609375,16478.099609375,205000,0.00744972774168895,0.015108002608101875,-0.01300210613353164,0.006041057209232391
16283.9501953125,16324.7001953125,16172.599609375,16201.7998046875,189700,-0.016767698414100085,0.009387882073045632,0.005070448444945744,0.009075811366286544
15877.5498046875,15886.150390625,15684.0,15774.400390625,225500,-0.026379749115209128,0.012815091896940913,0.006539038664430217,0.012835045046755351
15674.25,15858.0,15659.4501953125,15732.099609375,225400,-0.00268160945598539,0.012620680622259798,-0.00367717029585336,0.013225560333358704
15729.25,15783.650390625,15678.900390625,15692.150390625,183000,-0.0025393443813560568,0.006675312012213511,0.0023642144926908494,0.013335263831559538
15832.25,15863.150390625,15335.099609375,15360.599609375,264700,-0.021128447854290244,0.03437696409505499,0.030705206998373858,0.01085282303196915
15272.650390625,15400.400390625,15183.400390625,15293.5,342600,-0.00436829362663993,0.014189034557164809,-0.0013632987461993657,0.011434598028746391
15334.5,15382.5,15191.099609375,15350.150390625,260000,0.0037042135956451006,0.012468958658665421,-0.0010195594327569826,0.009312735319281574
15455.9501953125,15707.25,15419.849609375,15638.7998046875,262800,0.018804337854487096,0.01837739431505837,-0.011692048728713409,0.01443221362958114
15545.650390625,15565.400390625,15385.9501953125,15413.2998046875,220900,-0.014419265085317434,0.011642555298763832,0.008586778147094075,0.01565350540074487
15451.5498046875,15628.4501953125,15367.5,15556.650390625,259200,0.009300447519609234,0.01677418909341551,-0.006755990736980078,0.012717195623491894
15657.400390625,15749.25,15619.4501953125,15699.25,219600,0.009166472588529428,0.008267898446581844,-0.002665707557685877,0.012295483413056044
15926.2001953125,15927.4501953125,15815.5,15832.0498046875,210900,0.008458990377725017,0.007071111870766991,0.0059468225394998615,0.012323958934314276
15757.4501953125,15892.099609375,15710.150390625,15850.2001953125,251900,0.0011464333961117568,0.011479300987239847,-0.005851661105670429,0.01017380539668574
15701.7001953125,15861.599609375,15687.7998046875,15799.099609375,444900,-0.0032239710103227903,0.011000614527701898,-0.00616487119333714,0.005707386304717092
15774.5,15890.0,15728.849609375,15780.25,306000,-0.001193081241402827,0.010212157007968821,-0.0003643795250392104,0.0056457543670941045
15703.7001953125,15793.9501953125,15511.0498046875,15752.0498046875,364100,-0.0017870563085186086,0.017959592188491837,-0.0030694169948987915,0.004625095698456372
15710.5,15852.349609375,15661.7998046875,15835.349609375,304300,0.005288188249805481,0.012033192154765488,-0.007884234478857688,0.003327146653454156
15909.150390625,16025.75,15785.4501953125,15810.849609375,254200,-0.0015471713984448465,0.015198411889580866,0.0062172991128644235,0.003322510809691567
15818.2001953125,16011.349609375,15800.900390625,15989.7998046875,288400,0.011318189707300252,0.013161466767601783,-0.010731817250438282,0.005785678958143143
16113.75,16150.5,16045.9501953125,16132.900390625,264600,0.00894949203151052,0.006480533701692909,-0.001187039537920193,0.005978854264930582
16273.650390625,16275.5,16157.900390625,16220.599609375,281100,0.005436047866567373,0.007250016165064027,0.003270580775530536,0.004865837487045056
16136.150390625,16248.5498046875,16115.5,16216.0,255900,-0.00028356592763323363,0.008204847353693883,-0.00492412489979033,0.005617731730380321
16126.2001953125,16158.75,16031.150390625,16058.2998046875,208600,-0.0097249750439381,0.007946022363946214,0.004228367352138956,0.008413281201031035
16128.2001953125,16140.0,15950.150390625,15966.650390625,233300,-0.005707292501522909,0.011890384315452435,0.01011795215246623,0.0076895842665419935
16018.849609375,16070.849609375,15858.2001953125,15938.650390625,228600,-0.0017536552323109689,0.013341745307844814,0.005031744644902469,0.005720444046040609
16010.7998046875,16066.9501953125,15927.2998046875,16049.2001953125,205800,0.0069359576863876615,0.00870139252582741,-0.0023926669340329884,0.006249409922022944
16151.400390625,16287.9501953125,16142.2001953125,16278.5,227700,0.014287304158276504,0.008953527659182357,-0.0078078207067604505,0.009736505812754597
16187.0498046875,16359.5,16187.0498046875,16340.5498046875,222600,0.003811764271124396,0.010553512419945038,-0.00939380876621217,0.0077563355422166245
16562.80078125,16588.0,16490.94921875,16520.849609375,284400,0.01103388850696918,0.005874442510204021,0.0025392865903938857,0.006246573317595554
16523.55078125,16626.94921875,16483.900390625,16605.25,243600,0.005108719746296009,0.00861467476400536,-0.004920083633188299,0.004344258123696262
16661.25,16752.25,16610.900390625,16719.44921875,190900,0.006877295960614926,0.008454202499474905,-0.0034809291854382726,0.004348722153755371
16662.55078125,16706.05078125,16564.25,16631.0,211400,-0.005290199311757782,0.008526293142324575,0.001897106683302267,0.006017717373486787
16632.900390625,16636.099609375,16463.30078125,16483.849609375,208200,-0.00884795806776506,0.01048291705031831,0.009042231322301622,0.008450420080111874
16475.349609375,16653.44921875,16438.75,16641.80078125,185200,0.0095821774414373,0.012901201112315772,-0.01000199281693946,0.008069167028217864
16774.849609375,16947.650390625,16746.25,16929.599609375,376300,0.017293731123692924,0.011896346946886549,-0.009140795031815464,0.010811001529055994
17079.5,17172.80078125,17018.150390625,17158.25,436100,0.013505953826479233,0.009013179702184081,-0.004589628895720717,0.011638601823624731
17243.19921875,17356.25,17154.80078125,17340.05078125,381500,0.010595531668439406,0.01161756798127889,-0.005585425540087041,0.0101103391060958
17310.150390625,17390.150390625,17215.849609375,17345.44921875,333600,0.000311327663805816,0.010048790264917739,-0.0020350483680089903,0.0063158069654342085
17349.25,17407.5,17225.849609375,17388.150390625,285400,0.002461808358865669,0.01044679201319415,-0.002237178178880575,0.007241166456095895
17463.099609375,17490.69921875,17161.25,17382.0,325000,-0.0003537116074355806,0.0189534701846738,0.004665723701242665,0.006330222840047635
17423.650390625,17474.400390625,17348.75,17397.5,355300,0.0008917270739845495,0.007222324507831585,0.0015031119772955885,0.004490652470218817
17401.5,17548.80078125,17359.75,17525.099609375,257000,0.007334364671648164,0.010787429770092026,-0.00705271936422437,0.0030905184296567806
17566.099609375,17566.099609375,17442.80078125,17534.75,312700,0.0005506610997998429,0.007031684405252427,0.0017878560786438358,0.0030569973873792256
17711.650390625,17719.30078125,17631.94921875,17659.0,311200,0.007085929368824795,0.004946574692791211,0.002981504650603092,0.003778927857957149
17659.650390625,17724.650390625,17597.849609375,17698.150390625,303900,0.0022170219505635025,0.007164634634202705,-0.0021753685639598857,0.0033407241269591695
17797.19921875,17839.099609375,17764.05078125,17825.25,0,0.007181519343531395,0.004210253888444762,-0.0015736542965736806,0.003241198193623122
17868.150390625,17965.94921875,17833.349609375,17944.25,262800,0.006675923198833145,0.007389531987962718,-0.004240891058417041,0.0031276250637008365
17898.650390625,17968.44921875,17852.05078125,17956.5,263900,0.0006826699360520383,0.0064822452872218975,-0.003221652848550664,0.0030836444337760016
17966.55078125,17992.19921875,17710.75,17758.44921875,295600,-0.011029475746944017,0.015848749813854014,0.011718453561827854,0.007358863969152122
17682.900390625,17690.05078125,17467.349609375,17490.69921875,287600,-0.0150773300473388,0.012732548258348913,0.010988764341048222,0.010232616315439147
17357.349609375,17625.55078125,17345.19921875,17577.5,285600,0.00496268217550444,0.01594945598065709,-0.01252455642867302,0.00975486096310079
17525.44921875,17623.650390625,17499.25,17604.94921875,262000,0.001561611079505143,0.007066216952929829,-0.004515775593111579,0.008733087774432765
17679.0,17726.5,17487.44921875,17522.44921875,230200,-0.004686182219266755,0.013642543817116748,0.008934297899547165,0.008369714076404288
17619.30078125,17685.849609375,17519.349609375,17558.900390625,266600,0.002080255529346653,0.009482370552594354,0.0034398731857519286,0.007996499211451753
17188.650390625,17380.150390625,17166.19921875,17312.900390625,244900,-0.014009988924553851,0.012357904628785096,-0.007176729328800496,0.007570769969018288
17414.94921875,17777.650390625,17401.5,17759.30078125,324700,0.02578426378902554,0.021180472995993956,-0.019389927944886275,0.014720801945823179
17485.69921875,17695.599609375,17468.44921875,17542.80078125,308500,-0.012190795272107646,0.012948353769586304,-0.003254985518676754,0.016079367740544505
17598.400390625,17643.849609375,17476.44921875,17539.44921875,256300,-0.0001910505934481499,0.009544221630748008,0.003361061749417997,0.01591896464619548
17546.44921875,17683.150390625,17540.349609375,17665.80078125,230300,0.007203850071011875,0.008083459279217326,-0.006756079952326673,0.01622462106518832
17695.69921875,17764.650390625,17587.650390625,17655.599609375,251200,-0.0005774531254664206,0.010025148050254507,0.0022712119815917996,0.01401319442332847
17519.400390625,17650.75,17484.30078125,17624.400390625,354100,-0.0017671004916441913,0.009444248601985906,-0.005957649490070196,0.006940565392510029
17748.150390625,17807.650390625,17691.94921875,17798.75,279800,0.009892512965589573,0.0065005223330290044,-0.0028428743240396094,0.005264188581606578
17923.349609375,17925.94921875,17786.0,17833.349609375,270300,0.0019439347917691308,0.007847612580669008,0.005046724365942277,0.005030970890413047
17890.849609375,17980.55078125,17889.150390625,17936.349609375,228200,0.005775695663245095,0.005095818971839548,-0.0025367480558149908,0.004791544433206336
18044.44921875,18088.30078125,18015.44921875,18070.05078125,259900,0.007454201929980142,0.004031619134993957,-0.0014167952713539085,0.004612921092012932
17771.150390625,18091.55078125,17771.150390625,18003.75,365900,-0.0036690976717561608,0.0177963141359439,-0.012919508956467403,0.005302318316911347
18046.349609375,18096.150390625,17861.5,17877.400390625,289600,-0.007017960667916379,0.013125531984395889,0.009450435469275377,0.006152042154369212
17796.80078125,17820.05078125,17497.25,17530.849609375,468500,-0.019384853148544656,0.018413299323346847,0.015170466794306243,0.010847576706936304
17540.650390625,17667.19921875,17429.69921875,17622.25,258300,0.0052136885924867205,0.013477280143001036,-0.0046304875583424365,0.010731428926860477
17770.400390625,17919.30078125,17744.400390625,17816.25,263100,0.011008809885230342,0.00981690258191258,-0.0025734713744474847,0.01171005739667221
17766.349609375,17838.69921875,17663.599609375,17718.349609375,245500,-0.005495005437451739,0.009882388215342168,0.0027090559255362363,0.011773409614741213
17609.650390625,17722.75,17532.44921875,17629.80078125,284100,-0.004997577656902563,0.01079426725300223,-0.0011429732459841944,0.011640751452756413
17593.849609375,17642.150390625,17291.650390625,17327.349609375,390800,-0.017155677232420508,0.020228136899272883,0.015380309511144717,0.010859960469077147
17156.30078125,17196.400390625,16978.30078125,17016.30078125,492000,-0.017951321762256445,0.012817098861776151,0.008227405109943981,0.011764646958871484
17110.900390625,17176.44921875,16942.349609375,17007.400390625,359900,-0.0005230508522044985,0.013764573303280545,0.006085586134436652,0.007850990539687314
16870.55078125,17037.599609375,16820.400390625,16858.599609375,323900,-0.00874917846539458,0.012883586050007166,0.0007089065611567168,0.007595243729162839
16993.599609375,17026.05078125,16788.599609375,16818.099609375,340000,-0.0024023347691036756,0.014118787341623092,0.010435186143276862,0.00808481916624891
16798.05078125,17187.099609375,16747.69921875,17094.349609375,376100,0.01642575596626905,0.025704422845313813,-0.017333144278417107,0.012647130550520731
17102.099609375,17114.650390625,16855.55078125,16887.349609375,278400,-0.012109264448790458,0.015342822607945597,0.012716619538733402,0.01104767415028523
17147.44921875,17287.30078125,17117.30078125,17274.30078125,226000,0.02291367093271912,0.009841208750082821,-0.007343368863745163,0.01558918538770515
17379.25,17428.80078125,17315.650390625,17331.80078125,265500,0.0033286441360573793,0.006528484376961514,0.0027376969853779892,0.014140100452758797
17287.19921875,17337.349609375,17216.94921875,17314.650390625,216300,-0.0009895331040011834,0.006953671481013019,-0.001585430329558569,0.013952300176510786
17094.349609375,17280.150390625,17064.69921875,17241.0,234000,-0.00425364584114718,0.01249644289049359,-0.008505909786265298,0.013095964912092056
17256.05078125,17261.80078125,16950.30078125,16983.55078125,282600,-0.014932383199930399,0.01834127645108813,0.016044936863311442,0.01388167709541417
17025.55078125,17142.349609375,16960.05078125,17123.599609375,256000,0.008246145339619648,0.010646057621272178,-0.005725947251845298,0.008751183825344323
17087.349609375,17112.349609375,16956.94921875,17014.349609375,266400,-0.006380083772817624,0.009133489918378868,0.004290496062204846,0.008421780784972027
17322.30078125,17348.55078125,17169.75,17185.69921875,227000,0.010070888003887335,0.01040404460558254,0.007948560065043178,0.010496272045767089
17144.80078125,17328.55078125,17098.55078125,17311.80078125,212200,0.007337586960815656,0.01328573514137868,-0.009646598993957563,0.010990593232660939
17438.75,17527.80078125,17434.05078125,17486.94921875,239500,0.010117285874136073,0.00536114097589296,-0.002756296604230968,0.006956129996246326
17568.150390625,17607.599609375,17472.849609375,17512.25,210500,0.0014468379208691928,0.007694613770360748,0.003192073584205342,0.007041606764159359
17423.099609375,17584.150390625,17421.0,17563.94921875,249600,0.0029521745492440132,0.0092889354548368,-0.008019244853238312,0.0040184849578613
17622.849609375,17670.150390625,17520.75,17576.30078125,277700,0.0007032337856462956,0.008500104344161938,0.0026483859547201897,0.004053953127126503
17736.349609375,17777.55078125,17707.400390625,17730.75,45000,0.008787356376761757,0.003956425454366003,0.0003158134526176276,0.004347820680890866
17808.30078125,17811.5,17637.0,17656.349609375,251400,-0.004196122026705051,0.009883130084111251,0.008606035519047404,0.004672675122450822
17771.400390625,17783.900390625,17654.5,17736.94921875,324600,0.004564907874966551,0.007295526926818332,0.001942339206709863,0.004797034574577624
17756.400390625,17838.900390625,17723.69921875,17786.80078125,250000,0.002810605244745412,0.006476778668170591,-0.0017091545016373404,0.004794575337261107
17910.19921875,18022.80078125,17899.900390625,18012.19921875,227200,0.012672230395564199,0.006823175178801346,-0.005662828772947501,0.006378333149274141
18130.69921875,18175.80078125,18060.150390625,18145.400390625,349900,0.007395053222392978,0.006373537543142444,-0.0008101872407618796,0.006195481905157255
18177.900390625,18178.75,18048.650390625,18082.849609375,270900,-0.003447197631545107,0.007194640899272327,0.005256405008241688,0.005931600486537469
17968.349609375,18106.30078125,17959.19921875,18052.69921875,213000,-0.0016673473084335422,0.008148452523222483,-0.004672409834834689,0.006609229877537631
18053.400390625,18135.099609375,18017.150390625,18117.150390625,267900,0.003570168155688336,0.0065103626236405615,-0.0035187652928568955,0.006596626771773192
18211.75,18255.5,18064.75,18202.80078125,314800,0.004727586225111935,0.010479156603003872,0.0004916396579595731,0.004529521903613408
18288.25,18296.400390625,18117.5,18157.0,307200,-0.002516139235956394,0.00985297078950267,0.007228617062290026,0.003741702515456602
18044.349609375,18103.099609375,17969.400390625,18028.19921875,256500,-0.007093725904609771,0.007416116114966592,0.0008958404790758575,0.004815409873809045
18272.349609375,18362.30078125,18259.349609375,18349.69921875,378500,0.017833173247033374,0.005610510049658086,-0.004215306662681588,0.009423123725141116
18376.400390625,18399.44921875,18311.400390625,18329.150390625,301400,-0.0011198455015547504,0.004803759380469443,0.002577860893332374,0.00962137404561695
18362.75,18427.94921875,18282.0,18403.400390625,250900,0.004050924260950772,0.00793055716074889,-0.002208852155697704,0.009584544120194152
18398.25,18442.150390625,18344.150390625,18409.650390625,219300,0.0003396111515991951,0.005323295006726792,-0.0006192616580489534,0.009312164130132508
18358.69921875,18417.599609375,18312.94921875,18343.900390625,200500,-0.00357149639481924,0.005704914897950688,0.0008067438118320368,0.00847172141218316
18382.94921875,18394.599609375,18209.80078125,18307.650390625,198800,-0.00197613371355454,0.0100940767483539,0.004112970617112019,0.002889774068554503
18246.400390625,18262.30078125,18133.349609375,18159.94921875,213800,-0.008067729540576885,0.007100855311966344,0.004760540397642735,0.0045070721526201205
18179.150390625,18261.849609375,18137.69921875,18244.19921875,177700,0.00463933015368867,0.0068049240822478894,-0.003565452632097317,0.004702927985303585
18325.19921875,18325.400390625,18246.0,18267.25,178800,0.0012634580983039712,0.004346597907457335,0.003172301181075422,0.0048210971267545
18326.099609375,18529.69921875,18294.25,18484.099609375,204000,0.011870949889830174,0.012737932803098609,-0.00854788728361232,0.00743441882674458
18528.44921875,18534.900390625,18445.099609375,18512.75,205900,0.0015500019600884762,0.004850753197120903,0.0008480219713440737,0.007179665263658648
18430.55078125,18614.25,18365.599609375,18562.75,206500,0.0027008413120686026,0.013395126833308643,-0.007121747518551939,0.004379491251989057
18552.44921875,18678.099609375,18552.150390625,18618.05078125,195300,0.00297912654375021,0.006764898228596617,-0.003523546222468492,0.0044200239200938
18625.69921875,18816.05078125,18616.55078125,18758.349609375,345600,0.007535634625419174,0.010635263984007121,-0.007071538455531521,0.004312084182859469
18871.94921875,18887.599609375,18778.19921875,18812.5,325000,0.002886735334004964,0.005815303156146179,0.003160091362126246,0.002311398657771044
18752.400390625,18781.94921875,18639.19921875,18696.099609375,254400,-0.006187396179402005,0.007635282384162054,0.0030113650668489407,0.00499778517959472
18719.55078125,18728.599609375,18591.349609375,18701.05078125,288400,0.00026482378562620035,0.007339159794037309,0.000989249225425794,0.005028950362937611
18600.650390625,18654.900390625,18577.900390625,18642.75,217800,-0.0031175136590962937,0.004130291936543696,-0.0022582295731584665,0.005310597491565853
18638.849609375,18668.30078125,18528.400390625,18560.5,200500,-0.004411902750398933,0.0075375335052935,0.0042213091982974595,0.003658760211005842
18570.849609375,18625.0,18536.94921875,18609.349609375,202800,0.002631912360927746,0.004731534583328042,-0.0020688525288709986,0.00357246176480263
18662.400390625,18664.69921875,18410.099609375,18496.599609375,215800,-0.006058782405979346,0.013764671061266645,0.008963851991798746,0.0035365322368627926
18402.150390625,18521.55078125,18345.69921875,18497.150390625,193900,2.977743269738653e-05,0.009506954248970571,-0.005135926236948871,0.0034979547962636992
18524.400390625,18617.25,18490.19921875,18608.0,187600,0.0059927938646799905,0.006827750497098022,-0.004492670323248065,0.00495871556507585
18671.25,18696.099609375,18632.900390625,18660.30078125,208000,0.002810661073194387,0.003386827441361664,0.0005867653945322174,0.004516755939500566
18614.400390625,18652.900390625,18387.69921875,18414.900390625,183100,-0.013150934355333654,0.014401444821825565,0.010833618198747638,0.007614721164748032
18319.099609375,18440.94921875,18255.150390625,18269.0,277700,-0.00792295301794177,0.010170169583721057,0.0027423290478406043,0.007898857712229198
18288.099609375,18431.650390625,18244.55078125,18420.44921875,154800,0.008289956688926514,0.010157168652790134,-0.007184928434876745,0.00928827483155966
18340.30078125,18404.900390625,18202.650390625,18385.30078125,169000,-0.0019081205394395617,0.011000635910523799,-0.002447607495542996,0.008481610904279195
18435.150390625,18473.349609375,18162.75,18199.099609375,187600,-0.01012771964355863,0.0170667569298318,0.012970464820600349,0.008477190938587918
18288.80078125,18318.75,18068.599609375,18127.349609375,195700,-0.003942502735851727,0.013799611968405389,0.008906496280708439,0.007150327628859868
17977.650390625,18050.44921875,17779.5,17806.80078125,221500,-0.01768316025411787,0.015216052680013189,0.009594626877327636,0.00967508942171159
17830.400390625,18084.099609375,17774.25,18014.599609375,176700,0.011669632893506865,0.01719991651736466,-0.010224996544144153,0.010884633362659123
18089.80078125,18149.25,17967.44921875,18132.30078125,214300,0.006533654614990558,0.010026349300249534,-0.0023438834659056515,0.011968251214058544
18084.75,18173.099609375,18068.349609375,18122.5,193900,-0.0005405150382313817,0.005780107601048421,-0.002083045937370672,0.011227841679776791
18045.69921875,18229.69921875,17992.80078125,18191.0,281100,0.00377983170092433,0.013022837529547578,-0.007987509276565335,0.011217349637400478
18259.099609375,18265.25,18080.30078125,18105.30078125,192000,-0.00471107793689185,0.010215197249942125,0.008494685063960679,0.006317707653744527
18131.69921875,18215.150390625,18086.5,18197.44921875,256100,0.005089583355357918,0.0070696936190619095,-0.003613143754908988,0.004603138740521458
18163.19921875,18251.94921875,18149.80078125,18232.55078125,208700,0.00192892762485819,0.005602531358642778,-0.0038037224375274906,0.003880878559494121
18230.650390625,18243.0,18020.599609375,18042.94921875,235200,-0.010399069487028845,0.012326166189831338,0.010403020570492066,0.006529324576400161
18101.94921875,18120.30078125,17892.599609375,17992.150390625,269900,-0.0028154392892826285,0.012655584070353597,0.0061025961733963624,0.006001944689415359
18008.05078125,18047.400390625,17795.55078125,17859.44921875,238200,-0.007375503705446151,0.01410175679497395,0.008320612840847775,0.006388522704987058
17952.55078125,18141.400390625,17936.150390625,18101.19921875,257200,0.013536251708490266,0.011339027736206186,-0.008212076763733065,0.009383009760125906
18121.30078125,18127.599609375,17856.0,17914.150390625,283300,-0.010333504750958511,0.015161177251092858,0.01156350628458539,0.010000167870696384
17924.25,17976.349609375,17824.349609375,17895.69921875,259900,-0.0010299775022909463,0.008493660859070757,0.0015953990342040543,0.009226846919827513
17920.849609375,17945.80078125,17761.650390625,17858.19921875,227800,-0.00209547554088918,0.01031181186687925,0.0035082143421953193,0.009208808063879031
17867.5,17999.349609375,17774.25,17956.599609375,256700,0.005510095918388247,0.01253575923458678,-0.004961942200263896,0.008938409732058152
18033.150390625,18049.650390625,17853.650390625,17894.849609375,206200,-0.003438847072569362,0.010952872154752104,0.007728524367008096,0.00566753992124875
17922.80078125,18072.05078125,17886.94921875,18053.30078125,219100,0.008854568511824201,0.010253059246220771,-0.007228595013247447,0.005335563336212937
18074.30078125,18183.75,18032.44921875,18165.349609375,255800,0.006206556323560042,0.008329087218443339,-0.005012225477786037,0.005437851316294209
18119.80078125,18155.19921875,18063.75,18107.849609375,237800,-0.003165367099256078,0.005050252830830552,0.0006599995103125059,0.005703412255998238
18115.599609375,18145.44921875,18016.19921875,18027.650390625,237200,-0.004428975305189153,0.00716954218655219,0.004878573571392123,0.006227778749149041
18118.44921875,18162.599609375,18063.44921875,18118.55078125,202500,0.005042276095628795,0.005472313532250376,-5.605442798719976e-06,0.005930626763577808
18183.94921875,18201.25,18078.650390625,18118.30078125,216900,-1.3798013043020418e-05,0.00676661740276848,0.0036233219821550423,0.004767874879965055
18093.349609375,18100.599609375,17846.150390625,17891.94921875,257200,-0.01249297962501228,0.01422143644826289,0.011256481234249256,0.006437796467823015
17877.19921875,17884.75,17493.55078125,17604.349609375,476300,-0.016074246906178757,0.022221736527072333,0.015498988342613746,0.008704277683727382
17541.94921875,17709.150390625,17405.55078125,17648.94921875,432400,0.0025334426073457816,0.01720213513065469,-0.006062683884110487,0.009461163364898885
17731.44921875,17735.69921875,17537.55078125,17662.150390625,398300,0.0007479862801675896,0.011218817251447277,0.003923578193614722,0.008564754093642246
17811.599609375,17972.19921875,17353.400390625,17616.30078125,512900,-0.0025959245256645946,0.0351264908455481,0.01108625644794095,0.008256732197865314
17517.099609375,17653.900390625,17445.94921875,17610.400390625,490100,-0.0003349392530399564,0.01180842952246015,-0.00529804996936181,0.007462630285529494
17721.75,17870.30078125,17584.19921875,17854.05078125,424100,0.013835596307890219,0.016024462235789017,-0.0074101268597790634,0.006422676883764607
17818.55078125,17823.69921875,17698.349609375,17764.599609375,282500,-0.005010133160870178,0.007056146050646063,0.0030370046644073016,0.0073333290971180735
17790.099609375,17811.150390625,17652.55078125,17721.5,354400,-0.0024261514654264627,0.008949558974973902,0.0038709821050701126,0.0075308756577987315
17750.30078125,17898.69921875,17744.150390625,17871.69921875,291000,0.008475536424681795,0.008647685160393473,-0.006792775326737564,0.007938458328211394
17885.5,17916.900390625,17779.80078125,17893.44921875,260900,0.0012170079483646568,0.0076620000816465,-0.0004442530142075825,0.007809251407682731
17847.55078125,17876.94921875,17801.0,17856.5,232000,-0.0020649578680046465,0.004253309369137289,-0.0005011742922745219,0.005209611381144379
17859.099609375,17880.69921875,17719.75,17770.900390625,231300,-0.00479375070002519,0.00905689724280422,0.004963126055026976,0.005157831240748142
17840.349609375,17954.55078125,17800.05078125,17929.849609375,244500,0.0089443537049958,0.008616915555120798,-0.004991676001186482,0.006180943220424118
17896.599609375,18034.099609375,17853.80078125,18015.849609375,229300,0.004796470794436125,0.01000778936515861,-0.006619171595323779,0.005445494442082141
18094.75,18134.75,18000.650390625,18035.849609375,230200,0.0011101336008929596,0.007435170079556179,0.003265739729520903,0.0054476801977333955
17974.849609375,18034.25,17884.599609375,17944.19921875,208100,-0.005081567689351307,0.008339764221332842,0.0017080946467075123,0.006084631659817048
17965.55078125,18004.349609375,17818.400390625,17844.599609375,174600,-0.005550518480140765,0.010420475820163993,0.006778026659194751,0.0062711801401303955
17905.80078125,17924.900390625,17800.30078125,17826.69921875,198200,-0.001003126492992057,0.006989494120366769,0.004437252321888144,0.004339123946685097
17755.349609375,17772.5,17529.44921875,17554.30078125,204000,-0.015280363131582653,0.013845654365772633,0.011452967032429063,0.006308220292376288
17574.650390625,17620.05078125,17455.400390625,17511.25,240800,-0.002452434977984641,0.009402549254050967,0.0036205519665929047,0.005582221147392503
17591.349609375,17599.75,17421.80078125,17465.80078125,209400,-0.002595429723749043,0.010188437448630079,0.007188266355343981,0.00577770913182917
17428.599609375,17451.599609375,17299.0,17392.69921875,246400,-0.004185411445805309,0.008773773837846385,0.0020641069090815986,0.005799634791153278
17383.25,17440.44921875,17255.19921875,17303.94921875,420900,-0.0051027157362857345,0.010705648615708436,0.0045828140297633465,0.005347192491894019
17360.099609375,17467.75,17345.25,17450.900390625,272900,0.008492348770636093,0.007019695102139809,-0.005203214689070149,0.00551353843514832
17421.5,17445.80078125,17306.0,17321.900390625,310700,-0.007392168719804415,0.008070753098526263,0.00574992391879274,0.006200797026424921
17451.25,17644.75,17427.69921875,17594.349609375,356200,0.015728598629827895,0.012336391288618383,-0.008133270768858121,0.01007888948165717
17680.349609375,17799.94921875,17671.94921875,17711.44921875,362800,0.006655523618366965,0.007226963667348826,-0.0017559042736083276,0.009707086567164049
17665.75,17766.5,17602.25,17754.400390625,267000,0.0024250512391459367,0.009251227661100302,-0.004993150355661168,0.008515734097485617
17772.05078125,17772.349609375,17573.599609375,17589.599609375,262400,-0.009282249899975281,0.011299290740766445,0.010372673393756852,0.010309402956063017
17443.80078125,17451.5,17324.349609375,17412.900390625,235900,-0.010045664635585094,0.007302079939161485,0.0017745688502092726,0.010938834309951413
17421.900390625,17529.900390625,17113.44921875,17154.30078125,254900,-0.014851035931626178,0.024276779169582336,0.01559956379379169,0.009107963355176482
17160.55078125,17224.650390625,16987.099609375,17043.30078125,290600,-0.006470680525861194,0.013938073633678922,0.006879535924695485,0.00638662058381507
17166.44921875,17211.349609375,16938.900390625,16972.150390625,248200,-0.004174683738684903,0.016052722399896614,0.011448097244785547,0.004033691298630612
16994.650390625,17062.44921875,16850.150390625,16985.599609375,349800,0.0007924286811309411,0.012498753827202202,0.0005328502648210622,0.005913688309620772
17111.80078125,17145.80078125,16958.150390625,17100.05078125,408100,0.006738129621978839,0.010973674465970381,0.0006871324623716167,0.008082805794713342
17066.599609375,17066.599609375,16828.349609375,16988.400390625,241800,-0.0065292432199922645,0.014024275065442746,0.0046030948736735695,0.0056867720392616145
17060.400390625,17127.69921875,17016.0,17107.5,246700,0.007010642946744028,0.006529254347508403,-0.0027531555969603975,0.00617036293686808
17177.44921875,17207.25,17107.849609375,17151.900390625,0,0.0025953757489405316,0.0057952989675319555,0.0014895625291157036,0.005523661260183585
17097.400390625,17205.400390625,17045.30078125,17076.900390625,219200,-0.004372693304643627,0.009375214805544724,0.0012004520452232794,0.006267284310803153
17076.19921875,17109.44921875,16917.349609375,16945.05078125,228000,-0.007720933328590696,0.011336620459559887,0.0077396308333946146,0.006344065023159267
16984.30078125,17091.0,16918.55078125,16985.69921875,218400,0.0023988383407489433,0.010152612296327402,-8.23302874959841e-05,0.005923917567427692
17031.75,17061.75,16913.75,16951.69921875,238800,-0.002001683861354908,0.008730688179996705,0.004722286551749168,0.0044346478437074874
16977.30078125,17126.150390625,16940.599609375,17080.69921875,345900,0.007609856589321451,0.010863184163228828,-0.00605352486896417,0.00598047351433126
17210.349609375,17381.599609375,17204.650390625,17359.75,263900,0.016337198944623932,0.010193074137012342,-0.008606137221158138,0.009204907607481846
17427.94921875,17428.05078125,17312.75,17398.05078125,230200,0.002206297973761151,0.006627224089623905,0.0017184935183786078,0.007043738464170015
17422.30078125,17570.55078125,17402.69921875,17557.05078125,248300,0.009138954817361267,0.009560350687101536,-0.007674979225093195,0.006992063990930409
17533.849609375,17638.69921875,17502.849609375,17599.150390625,242700,0.002397874785437182,0.007719100431539386,-0.003710450777486706,0.0058060755996413435
17634.900390625,17694.099609375,17597.94921875,17624.05078125,254800,0.0014148632219350699,0.005455635132831844,0.0006156138284929796,0.006415889675084391
17704.80078125,17748.75,17655.150390625,17722.30078125,304300,0.005574768321964241,0.005281459249017338,-0.0009874564378522912,0.0032112485508127013
17759.55078125,17825.75,17717.25,17812.400390625,232800,0.005083967961446945,0.006091262133154473,-0.00296701220587966,0.0030292918363716737
17807.30078125,17842.150390625,17729.650390625,17828.0,285800,0.0008757724412713497,0.006310298407000224,-0.001161051085371326,0.0021410157880071717
17863.0,17863.0,17574.05078125,17706.849609375,357400,-0.006795512150830185,0.016318499627229796,0.008818643297355686,0.004957281883681331
17766.599609375,17766.599609375,17610.19921875,17660.150390625,258900,-0.0026373533282438855,0.008856118841888578,0.006027650750160611,0.005242685059899995
17653.349609375,17666.150390625,17579.849609375,17618.75,281500,-0.002344283016240789,0.0048982351897836115,0.0019637947853848882,0.0044293210836722505
17638.599609375,17684.44921875,17584.349609375,17624.44921875,215100,0.0003234746363958152,0.005679587948116287,0.0008028841326823378,0.003046452623925629
17639.75,17663.19921875,17553.94921875,17624.05078125,230200,-2.260708945023282e-05,0.0061989154114461395,0.0008907837899957821,0.002845804933143271
17707.55078125,17754.5,17612.5,17743.400390625,255700,0.006771973756565242,0.00800297557817767,-0.0020204475233474243,0.0037928038204799036
17761.55078125,17807.44921875,17716.849609375,17769.25,297400,0.0014568576938982503,0.005098673797430955,-0.00043328889795573813,0.0033886206083365254
17767.30078125,17827.75,17711.19921875,17813.599609375,233000,0.0024958627615121465,0.006542797851404568,-0.002599072009041547,0.0027387925407513676
17813.099609375,17931.599609375,17797.900390625,17915.05078125,241400,0.005695152810193838,0.007462955052850334,-0.005690811213424117,0.0028667392170327187
17950.400390625,18089.150390625,17885.30078125,18065.0,290300,0.008370013603697934,0.011284229691392195,-0.00634373702601716,0.0029067098716476208
18124.80078125,18180.25,18101.75,18147.650390625,265200,0.004575166931912511,0.004325628845073672,-0.0012590946421804563,0.002724270313499668
18113.80078125,18116.349609375,18042.400390625,18089.849609375,226200,-0.00318502836487633,0.004087884661665517,0.001324011663567805,0.004340187140502421
18081.0,18267.44921875,18066.69921875,18255.80078125,226600,0.009173717607303677,0.010996504749667539,-0.009575081550491764,0.004909373570164032
18117.30078125,18216.94921875,18055.44921875,18069.0,239700,-0.010232406865540389,0.008937960042060988,0.0026731297387791245,0.008289297912112503
18120.599609375,18286.94921875,18100.30078125,18264.400390625,228400,0.010814123118324304,0.010219248018446061,-0.007873282351158488,0.008832274693037176
18303.400390625,18344.19921875,18229.650390625,18265.94921875,245400,8.480038171931881e-05,0.006271167556264506,0.0020503271648514365,0.008762102309887162
18313.599609375,18326.75,18211.94921875,18315.099609375,220500,0.0026908205008338015,0.00626809483423375,-8.189963647438701e-05,0.008391167131254972
18357.80078125,18389.69921875,18270.400390625,18297.0,248900,-0.0009882342854272697,0.006520130520030606,0.0033229918155981853,0.007562228383434294
18273.75,18342.75,18194.55078125,18314.80078125,241700,0.0009728797753729701,0.008091773452524842,-0.002241399278119707,0.004723961709762927
18339.30078125,18458.900390625,18287.900390625,18398.849609375,216100,0.004589120522186851,0.009294059336887464,-0.003236551707812065,0.002203868062876253
18432.349609375,18432.349609375,18264.349609375,18286.5,219500,-0.006106338807060685,0.00918710524157165,0.007975807802203812,0.004100082629412715
18300.44921875,18309.0,18115.349609375,18181.75,229900,-0.005728269488420423,0.010650811424917844,0.006528481513055674,0.004542565576115082
18287.5,18297.19921875,18104.849609375,18129.94921875,272100,-0.002849053652701161,0.010609495208959105,0.008690083979223776,0.004571190535444351
18186.150390625,18218.099609375,18060.400390625,18203.400390625,260900,0.0040513721791914925,0.008663173657995089,-0.0009476251485894902,0.005205459068778782
18201.099609375,18335.25,18178.849609375,18314.400390625,262600,0.006097761825706316,0.008539749447929519,-0.006186431378228347,0.005650253949120952
18362.900390625,18419.75,18324.19921875,18348.0,270400,0.001834600568861644,0.0052076946397427515,0.0008120989004251145,0.004888034506396315
18294.80078125,18392.599609375,18262.94921875,18285.400390625,232600,-0.0034117947119577385,0.007090377451700335,0.0005140926872905457,0.004188354080801826
18268.900390625,18338.099609375,18202.400390625,18321.150390625,235900,0.001955111686716471,0.007406697497523834,-0.0028518951531960853,0.0035447537667542463
18368.349609375,18508.55078125,18333.150390625,18499.349609375,198700,0.009726420827874671,0.009481435527663715,-0.007081330034090092,0.004952598190729349
18619.150390625,18641.19921875,18581.25,18598.650390625,265300,0.005367798508963517,0.0032233101591187785,0.001102230515087988,0.004857151509258114
18606.650390625,18662.44921875,18575.5,18633.849609375,234400,0.0018925684396833287,0.004666197300758207,-0.0014596671820467854,0.004853460425293307
18594.19921875,18603.900390625,18483.849609375,18534.400390625,696500,-0.0053370195013254795,0.0064771872151161486,0.0032263697160253004,0.0055291505984662
18579.400390625,18580.30078125,18464.55078125,18487.75,265600,-0.0025169624936233204,0.006260902489486282,0.004957357743641059,0.0060236116100656715
18550.849609375,18573.69921875,18478.400390625,18534.099609375,270900,0.002507044360454902,0.0051418105078487614,0.0009037396125532552,0.0042651782659339065
18612.0,18640.150390625,18582.80078125,18593.849609375,256100,0.003223787573137793,0.003084332216287497,0.0009761502328086267,0.003710395424205749
18600.80078125,18622.75,18531.599609375,18599.0,220800,0.00027699431442118616,0.004900822120812947,9.682140168826281e-05,0.003566932251097103
18665.599609375,18738.94921875,18636.0,18726.400390625,260100,0.006849851638528914,0.005497544461429944,-0.0032467948982036455,0.0034865560474812165
18725.349609375,18777.900390625,18615.599609375,18634.55078125,286500,-0.0049048192636628185,0.0087096696429788,0.004872606224366909,0.004332520369720486
18655.900390625,18676.650390625,18555.400390625,18563.400390625,221800,-0.00381819725413457,0.006531669707519448,0.004982923282025146,0.004886104135513581
18595.05078125,18633.599609375,18559.75,18601.5,179500,0.0020524046550352004,0.003970088937720076,-0.0003467042308415988,0.004738243623953646
18631.80078125,18728.900390625,18631.80078125,18716.150390625,233200,0.0061635024393194016,0.005188011815914752,-0.004506781983182347,0.005470635273362385
18744.599609375,18769.69921875,18690.0,18755.900390625,261400,0.0021238341844009856,0.004249287802244731,-0.0006025187282210463,0.0046050222942041205
18774.44921875,18794.099609375,18669.05078125,18688.099609375,263000,-0.0036149041015322014,0.006691361387129406,0.004620566626886031,0.004262283708195195
18723.30078125,18864.69921875,18710.5,18826.0,272800,0.0073790483520230765,0.008190758459046,-0.005455180003718262,0.00431409804219491
18873.30078125,18881.44921875,18719.150390625,18755.44921875,219800,-0.0037475183921172883,0.008653422599057149,0.006283590498178134,0.005250477495560275
18752.349609375,18839.69921875,18660.650390625,18816.69921875,211600,0.003265717567498605,0.009515421703004416,-0.0034198138912099147,0.004766865111023004
18849.400390625,18875.900390625,18794.849609375,18856.849609375,217500,0.0021337637466720683,0.004298214332138717,-0.0003950404709329864,0.0047674100914543195
18853.599609375,18886.599609375,18759.5,18771.25,252700,-0.004539443817404343,0.006770972064993008,0.004387007225144836,0.005007090526588969
18741.849609375,18756.400390625,18647.099609375,18665.5,210600,-0.005633615236065759,0.005855764980847018,0.004090413295920281,0.00409524443714181
18682.349609375,18722.05078125,18646.69921875,18691.19921875,171300,0.0013768299134766515,0.00403139261521601,-0.0004734639694023779,0.004097258571559564
18748.55078125,18829.25,18714.25,18817.400390625,222500,0.00675190341711196,0.006111364886368366,-0.003658826827604811,0.005108311341789939
18908.150390625,19011.25,18861.349609375,18972.099609375,398800,0.00822107281232487,0.00790109654236304,-0.0033706980285091747,0.006320277454910595
19076.849609375,19201.69921875,19024.599609375,19189.05078125,247900,0.01143527476356887,0.009229201141520118,-0.0058471454974017775,0.0066976776166632924
19246.5,19345.099609375,19234.400390625,19322.55078125,226100,0.00695709243369369,0.005729016836504788,-0.003935856197816144,0.0036343094570941903
19406.599609375,19434.150390625,19300.0,19389.0,226900,0.003438946519135566,0.00691889167182423,0.000907711041054206,0.002883404388343655
19405.94921875,19421.599609375,19339.599609375,19398.5,224400,0.0004899685388621844,0.004227130963734309,0.00038401003943603886,0.004250059233424654
19385.69921875,19512.19921875,19373.0,19497.30078125,268300,0.00509321758125636,0.0071394097219787435,-0.0057239493687928356,0.004088489068487252
19422.80078125,19523.599609375,19303.599609375,19331.80078125,237100,-0.00848835445771845,0.011380212453532988,0.004707269696688645,0.0060670824058307775
19400.349609375,19435.849609375,19327.099609375,19355.900390625,268200,0.0012466303397029588,0.0056184418087144574,0.0022964170022040883,0.005267341961649083
19427.099609375,19515.099609375,19406.44921875,19439.400390625,251300,0.004313930032438185,0.005589184256804474,-0.0006327757545408793,0.005408025380306872
19497.44921875,19507.69921875,19361.75,19384.30078125,327900,-0.002834429471475497,0.007529248560318121,0.005837117303165557,0.005614748055081322
19495.19921875,19567.0,19385.80078125,19413.75,310400,0.0015192303855748879,0.009333550640654175,0.00419543976563003,0.004973874096493639
19493.44921875,19595.349609375,19433.5,19564.5,291200,0.007765114931427508,0.008272616697334458,-0.0036316175343095915,0.003935506099128148
19612.150390625,19731.849609375,19562.94921875,19711.44921875,268700,0.007511013251041421,0.008568643976939957,-0.005037621892891801,0.004440447005555265
19787.5,19819.44921875,19690.19921875,19749.25,286400,0.001917706853032497,0.006544552324771827,0.001936782409458587,0.004480674195893679
19802.94921875,19851.69921875,19727.44921875,19833.150390625,259700,0.004248282371482448,0.0062647636685461815,-0.001522762207726509,0.002970740442713405
19831.69921875,19991.849609375,19758.400390625,19979.150390625,274700,0.007361412439498949,0.011684641948515664,-0.007380252362692553,0.002583580820226617
19800.44921875,19887.400390625,19700.0,19745.0,312500,-0.011719737128305097,0.009491030165864776,0.002808266333248924,0.007942227380616482
19748.44921875,19782.75,19658.30078125,19672.349609375,265600,-0.0036794322929856182,0.006326098367563213,0.003868353851272254,0.007518404971039738
19729.349609375,19729.349609375,19615.94921875,19680.599609375,369700,0.0004193703428323481,0.005762039413218939,0.002477058675426615,0.007433591115625115
19733.349609375,19825.599609375,19716.69921875,19778.30078125,244700,0.004964339187534694,0.005506053923916382,-0.00227275196045224,0.007557985759084512
19850.900390625,19867.55078125,19603.55078125,19659.900390625,334900,-0.0059863783008722304,0.013428348809228493,0.009715206903646372,0.006331191741418833
19659.75,19695.900390625,19563.099609375,19646.05078125,258700,-0.0007044597937843067,0.006759668023292691,0.0006973014018203801,0.004174882871936287
19666.349609375,19772.75,19597.599609375,19753.80078125,295100,0.005484562836559181,0.008866667866330313,-0.004427055473699385,0.004683582013370849
19784.0,19795.599609375,19704.599609375,19733.55078125,298000,-0.0010251191770254131,0.004611435671600694,0.0025565200763531496,0.004759599609274428
19655.400390625,19678.25,19423.55078125,19526.55078125,290700,-0.010489749274959825,0.01304373832344062,0.006598687644247206,0.006023570950658771
19463.75,19537.650390625,19296.44921875,19381.650390625,315700,-0.007420685416911321,0.012444821107271143,0.004235945222431212,0.006258067128244395
19462.80078125,19538.849609375,19436.44921875,19517.0,280800,0.006983389270114548,0.005246728012758108,-0.0027770261182558796,0.007691463806235991
19576.849609375,19620.44921875,19524.80078125,19597.30078125,216600,0.004114401867602702,0.004880694467449978,-0.001043570852092394,0.00740881577472757
19627.19921875,19634.400390625,19533.099609375,19570.849609375,260300,-0.0013497354646058168,0.005176105446207814,0.0028792622956954773,0.007404295035815238
19578.80078125,19645.5,19467.5,19632.55078125,266500,0.003152707884763739,0.009066575300546187,-0.0027378001258671772,0.005624004401396037
19605.55078125,19623.599609375,19495.400390625,19543.099609375,312200,-0.004556268458015711,0.006559820157110681,0.003195561252987812,0.004590502255318442
19554.25,19557.75,19412.75,19428.30078125,235500,-0.005874136161590715,0.007463339261246028,0.006482770684276823,0.004468814857162213
19383.94921875,19465.849609375,19257.900390625,19434.55078125,243900,0.00032169565781225984,0.010699975579092086,-0.0026036908735147715,0.003651467065917316
19369.0,19482.75,19317.19921875,19465.0,0,0.0015667570139761278,0.008505049126637555,-0.004931929103519137,0.003935544760129312
19450.55078125,19461.55078125,19326.25,19365.25,268700,-0.005124582584125403,0.006986782058067931,0.004404837595693317,0.003417959441774713
19301.75,19373.80078125,19253.599609375,19310.150390625,256100,-0.0028452826260957353,0.006224766221052177,-0.00043502460908219316,0.0032723707851554274
19320.650390625,19425.94921875,19296.30078125,19393.599609375,262600,0.0043215209131937105,0.0066851146827496145,-0.0037615099939846052,0.0037071314657571605
19417.099609375,19443.5,19381.30078125,19396.44921875,208700,0.00014693555773015454,0.0032067322244668252,0.0010646479874799894,0.003700008953582316
19439.19921875,19472.05078125,19366.599609375,19444.0,225200,0.0024515199000461063,0.005423327086761983,-0.00024690296492491256,0.00383547941757405
19535.150390625,19584.44921875,19369.0,19386.69921875,268300,-0.002946964680621278,0.011113249157011038,0.007657372211739081,0.003210644887103262
19297.400390625,19339.55078125,19229.69921875,19265.80078125,466500,-0.006236153774081932,0.005701894447435091,0.001640191847397986,0.004220691151523722
19298.349609375,19366.849609375,19249.69921875,19306.05078125,248200,0.002089194238900971,0.006068066014763425,-0.0003988993897436219,0.0036718060712081562
19374.849609375,19377.900390625,19309.099609375,19342.650390625,307400,0.0018957584743610756,0.0035569469468024082,0.0016646745973140436,0.0038740800401029945
19433.44921875,19452.80078125,19334.75,19347.44921875,233000,0.0002480956863764039,0.006101619904271134,0.004445030403111522,0.003559977536564484
19375.55078125,19388.19921875,19223.650390625,19253.80078125,562600,-0.004840350603388277,0.008546303662040754,0.006323426807166523,0.0039042353330765163
19258.150390625,19458.55078125,19255.69921875,19435.30078125,333000,0.009426710188917609,0.010437274153004049,-0.009114877748426922,0.005117510423495867
19525.05078125,19545.150390625,19432.849609375,19528.80078125,296800,0.004810833701642592,0.005750521115347865,-0.00019202407981960937,0.005302175880667946
19564.650390625,19587.05078125,19525.75,19574.900390625,256800,0.0023605960187407238,0.0031316011845127327,-0.0005236297398943102,0.0052972089348565276
19581.19921875,19636.44921875,19491.5,19611.05078125,287600,0.0018467726478093027,0.007391201030828242,-0.0015221806742013481,0.005181750221698164
19598.650390625,19737.0,19550.05078125,19727.05078125,304900,0.005915032360780392,0.009476795128833445,-0.0065088487908715135,0.0030535304655280914
19774.80078125,19867.150390625,19727.05078125,19819.94921875,288100,0.004709190366575022,0.007068615960048145,-0.0022779290199840085,0.0017411355986914573
19890.0,20008.150390625,19865.349609375,19996.349609375,248800,0.008900143420050854,0.007141342496985045,-0.005318451189968169,0.0028600948391439333
20110.150390625,20110.349609375,19914.650390625,19993.19921875,328100,-0.0001575482868895195,0.00978828933823005,0.0058495476684552305,0.0035287653952763383
19989.5,20096.900390625,19944.099609375,20070.0,251400,0.003841345269944396,0.007613392189835575,-0.0040109616342800195,0.003295209492687671
20127.94921875,20167.650390625,20043.44921875,20103.099609375,275100,0.001649208239910216,0.006178210041653441,0.0012361083543261898,0.0034324636975308644
20156.44921875,20222.44921875,20129.69921875,20192.349609375,438200,0.004439613877174287,0.0045933237980852705,-0.0017779204163705642,0.003416465827905888
20155.94921875,20195.349609375,20115.69921875,20133.30078125,264900,-0.002924316846098174,0.003956151626124706,0.001124924211190066,0.003015899302299255
19980.75,20050.650390625,19878.849609375,19901.400390625,378100,-0.011518249945432046,0.008632597600062889,0.003987136976168743,0.006601805696636568
19840.55078125,19848.75,19709.94921875,19742.349609375,275100,-0.007991939166498319,0.007030611046624766,0.004974138023995252,0.006597093784655987
19744.849609375,19798.650390625,19657.5,19674.25,246400,-0.003449417659114995,0.007174372117107386,0.0035884269730739418,0.006015184369233518
19678.19921875,19734.150390625,19601.55078125,19674.55078125,188400,1.5288066889551644e-05,0.0067396511792974945,0.00018543943089551957,0.004559447809999878
19682.80078125,19699.349609375,19637.44921875,19664.69921875,204900,-0.0005007261720755274,0.0031477923936908676,0.0009205105198222624,0.004968817520501011
19637.05078125,19730.69921875,19554.0,19716.44921875,203600,0.002631619198663282,0.008962020330819108,-0.004027015038006614,0.004051724801887512
19761.80078125,19766.650390625,19492.099609375,19523.55078125,352800,-0.009783629666773708,0.014062543454629815,0.0122032105055813,0.0047489617576810285
19581.19921875,19726.25,19551.05078125,19638.30078125,243500,0.005877516917168757,0.008921302341864243,-0.0029076630985568103,0.005848536627065078
19622.400390625,19623.19921875,19479.650390625,19528.75,221700,-0.005578424654468894,0.0073506408820329,0.004795513825769699,0.0062798161870755735
19446.30078125,19457.80078125,19333.599609375,19436.099609375,277100,-0.004744307271330683,0.006390231289774394,0.0005248569455817908,0.006401526761907205
19521.849609375,19576.94921875,19487.30078125,19545.75,234900,0.005641584105285702,0.0045865949119373774,-0.0012227921990714094,0.007088214691933144
19621.19921875,19675.75,19589.400390625,19653.5,159100,0.0055127073660514725,0.0043935995814994785,-0.0016435129239066833,0.005945324855426884
19539.44921875,19588.94921875,19480.5,19512.349609375,165100,-0.00718194675884698,0.005557978455751631,0.00138884398432363,0.0063118848715385655
19565.599609375,19717.80078125,19565.44921875,19689.849609375,216600,0.00909680297624016,0.0077375686215226495,-0.006310357999933143,0.007162357419975874
19767.0,19839.19921875,19756.94921875,19811.349609375,213700,0.006170692128707245,0.004151660619884179,-0.0022385960699019295,0.006336259769440588
19822.69921875,19843.30078125,19772.650390625,19794.0,217900,-0.0008757409120068171,0.0035692831476710116,0.001449894854501364,0.006542056501273599
19654.55078125,19805.400390625,19635.30078125,19751.05078125,255000,-0.0021698099802970328,0.00861218024594815,-0.0048858160038558075,0.006572752612327461
19737.25,19781.30078125,19691.849609375,19731.75,181000,-0.0009772027556287366,0.004533362315810812,0.0002787385812206216,0.005049018379100025
19843.19921875,19849.75,19775.650390625,19811.5,185800,0.004041709427698992,0.0037402321568281048,0.0016000413270070414,0.0036462457034676593
19820.44921875,19840.94921875,19659.94921875,19671.099609375,198900,-0.007086812741337156,0.009201315818345898,0.007592336592298168,0.003968542939292831
19545.19921875,19681.80078125,19512.349609375,19624.69921875,230300,-0.0023588102112444,0.008634586955253893,-0.0040510175016615505,0.003973715142471863
19542.150390625,19593.80078125,19518.69921875,19542.650390625,198300,-0.004180896084593599,0.003842956866077271,-2.5585065996977563e-05,0.004130554193962498
19521.599609375,19556.849609375,19257.849609375,19281.75,176000,-0.013350307425555652,0.015506891231345703,0.012439203359394246,0.006376303735046796
19286.44921875,19347.30078125,19074.150390625,19122.150390625,225300,-0.008277236732921023,0.014284501745102748,0.00859206860989602,0.004226119805527037
19027.25,19041.69921875,18837.849609375,18857.25,300400,-0.013853064912347501,0.010810145136485967,0.00901510029299076,0.0052094448057220955
18928.75,19076.150390625,18926.650390625,19047.25,205200,0.010075700327460302,0.007848902072477654,-0.006221370539054194,0.009779908274758045
19053.400390625,19158.5,18940.0,19140.900390625,180100,0.004916740769664862,0.011415345962879514,-0.004571362799780126,0.010958921425675698
19232.94921875,19233.69921875,19056.44921875,19079.599609375,206000,-0.0032026069828995363,0.009290027234790922,0.008037359929694213,0.009682274655500598
19064.05078125,19096.05078125,18973.69921875,18989.150390625,194100,-0.004740624572936891,0.006443235215010216,0.003944378188819787,0.009234083706532099
19120.0,19175.25,19064.150390625,19133.25,245600,0.007588523257266999,0.005806625083297401,-0.000692511726967452,0.006579462946225353
19241.0,19276.25,19210.900390625,19230.599609375,189500,0.005087980838331285,0.0033982096607711484,0.0005408250827462377,0.005517092429156242
19345.849609375,19423.0,19309.69921875,19411.75,180700,0.00941990339899168,0.005836711334629799,-0.0033948711798266512,0.006420193713616107
19404.05078125,19423.5,19329.099609375,19406.69921875,198700,-0.000260191958478706,0.004864319767155148,-0.0001364702709176418,0.005837319363466246
19449.599609375,19464.400390625,19401.5,19443.5,195000,0.0018962926582819506,0.003235034362383316,0.0003137094337439247,0.003975709085979464
19457.400390625,19463.900390625,19378.349609375,19395.30078125,208400,-0.002478937369815082,0.004410902528137353,0.003201786354096323,0.004665945248252357
19351.849609375,19451.30078125,19329.44921875,19425.349609375,152200,0.001549283945833313,0.006272811812930892,-0.0037837156848146334,0.0044842786871988356
19486.75,19494.400390625,19414.75,19443.55078125,189300,0.0009369804014345284,0.004096494077707723,0.0022217762195811635,0.0017710730007529066
19651.400390625,19693.19921875,19579.650390625,19675.44921875,291500,0.011926753508604282,0.005771092027560521,-0.001222275936758909,0.005408578240616359
19674.69921875,19875.25,19627.0,19765.19921875,282700,0.004561522280999375,0.012559954354747958,-0.004578754759736919,0.005432708720019452
19674.75,19806.0,19667.44921875,19731.80078125,236800,-0.0016897597201204206,0.007021699782295434,-0.0028913114359137506,0.005230576184638286
19731.150390625,19756.44921875,19670.5,19694.0,173800,-0.0019157289123818977,0.004364233713313699,0.001886381163044582,0.005750238628761595
19770.900390625,19829.099609375,19754.05078125,19783.400390625,195000,0.0045394734754240496,0.0037935252101840033,-0.0006318428456780123,0.0056894645239485755
19784.0,19825.55078125,19703.849609375,19811.849609375,184500,0.0014380348265852216,0.006142847552073624,-0.0014057046628206545,0.003177764682059833
19828.44921875,19875.150390625,19786.75,19802.0,170000,-0.0004971574875239915,0.004464215262347237,0.0013356842111907888,0.002680681475909385
19809.599609375,19832.849609375,19768.849609375,19794.69921875,145900,-0.00036868908443588033,0.0032331888094251876,0.0007527465035127184,0.0024842041359182214
19844.650390625,19916.849609375,19800.0,19889.69921875,229600,0.004799264638990497,0.005874880665105583,-0.00226493259800191,0.0025712598848368264
19976.55078125,20104.650390625,19956.30078125,20096.599609375,236200,0.010402389113554511,0.007381826391455566,-0.005973589087628416,0.004580689450898059
20108.5,20158.69921875,20015.849609375,20133.150390625,486600,0.0018187545137213768,0.007095243744939089,-0.0012243682755421353,0.0045480664250697874
20194.099609375,20291.55078125,20183.69921875,20267.900390625,265800,0.0066929416105065975,0.005321299218042693,-0.0036412642566635493,0.004197834854624845
20601.94921875,20702.650390625,20507.75,20686.80078125,381100,0.020668169003769332,0.009421485356094928,-0.004101724737297578,0.00728998185984149
20808.900390625,20864.05078125,20711.150390625,20855.099609375,421000,0.008135565760247543,0.007331558874754385,-0.002215248050372871,0.00696913921721115
20950.75,20961.94921875,20852.150390625,20937.69921875,359200,0.003960643244200535,0.0052440732373628535,0.0006233149647270148,0.0073554029689221435
20932.400390625,20941.25,20850.80078125,20901.150390625,275000,-0.0017455990623970186,0.004327475620220889,0.0014951330149759064,0.00825310767438697
20934.099609375,21006.099609375,20862.69921875,20969.400390625,292400,0.003265370504707432,0.006838554653623355,-0.0016834425683331542,0.008480514651628412
20965.30078125,21026.099609375,20923.69921875,20997.099609375,212900,0.001320935183362959,0.004876882642366435,-0.0015144390757093962,0.0036299609439070803
21018.55078125,21037.900390625,20867.150390625,20906.400390625,244900,-0.004319607014175553,0.008167355298359682,0.005364404609570727,0.0034845559445457553
20929.75,20950.0,20769.5,20926.349609375,260300,0.0009542158562574343,0.008625489078092055,0.0001624932531699951,0.002956734020159107
21110.400390625,21210.900390625,21074.44921875,21182.69921875,334400,0.012250087289956912,0.006441632884737342,-0.003413107431606461,0.00603630904512406
21287.44921875,21492.30078125,21235.30078125,21456.650390625,508800,0.012932779200891975,0.01197763841611971,-0.007885721619853984,0.007608524999012091
21434.80078125,21482.80078125,21365.349609375,21418.650390625,249700,-0.0017710126840955187,0.005483593491325144,0.0007540339998298431,0.00805691166187184
21477.650390625,21505.05078125,21337.75,21453.099609375,249800,0.0016083748565725031,0.007798443315710406,0.0011443931971150366,0.006874244437703919
21543.5,21593.0,21087.349609375,21150.150390625,363900,-0.01412146609423337,0.023907649888349456,0.018597958033875536,0.011165840447769193
21033.94921875,21288.349609375,20976.80078125,21255.05078125,277500,0.004959794076523361,0.014657637440218713,-0.010402306951674906,0.009929643563334119
21295.849609375,21390.5,21232.44921875,21349.400390625,284700,0.004438926556610712,0.007403054809886072,-0.002508303758896917,0.007820955704679037
21365.19921875,21477.150390625,21329.44921875,21441.349609375,219500,0.004306875934107168,0.006888613569848199,-0.0035515670427622736,0.00813282034576421
21497.650390625,21675.75,21495.80078125,21654.75,256500,0.0099527499207277,0.00830991901314954,-0.007254741309643381,0.009261957469597449
21715.0,21801.44921875,21678.0,21778.69921875,393100,0.005723881307796219,0.005668346741467392,-0.0029248403731642176,0.0023457297761102646
21737.650390625,21770.30078125,21676.900390625,21731.400390625,270900,-0.0021717930740454694,0.004297946241204651,0.0002876022661980068,0.0043523493893870445
21727.75,21834.349609375,21680.849609375,21741.900390625,154000,0.00048317180721269004,0.007060100416345778,-0.0006508350406711264,0.00470049993845785
21751.349609375,21755.599609375,21555.650390625,21665.80078125,263700,-0.003500136051024061,0.009228794299772197,0.0039485652521570125,0.005635202767081709
21661.099609375,21677.0,21500.349609375,21517.349609375,311900,-0.00685186637566948,0.00820967237284811,0.006680655499382175,0.004715181218936878
21605.80078125,21685.650390625,21564.55078125,21658.599609375,339200,0.006564470186349425,0.005591294523150131,-0.002437776637329121,0.005030998477889216
21705.75,21749.599609375,21629.19921875,21710.80078125,309300,0.002410182228605562,0.005545644853826895,-0.00023263910442041286,0.005200332116106914
21747.599609375,21763.94921875,21492.900390625,21513.0,231500,-0.00911070868564301,0.012599304054525171,0.010905016007762749,0.006502026801601238
21653.599609375,21724.44921875,21517.849609375,21544.849609375,228600,0.0014804820050666745,0.009589280645760484,0.005047610077198156,0.006613996130764803
21529.30078125,21641.849609375,21448.650390625,21618.69921875,217000,0.0034277152411805734,0.008936671757865867,-0.004135236657646095,0.005943329302693589
21688.0,21726.5,21593.75,21647.19921875,212500,0.0013183031833516878,0.006132433053280023,0.0018848064748561042,0.005109991022985611
21773.55078125,21928.25,21715.150390625,21894.55078125,294700,0.011426492637705898,0.00973299756200039,-0.005526489271642041,0.007325547834256774
22053.150390625,22115.55078125,21963.55078125,22097.44921875,345500,0.009267074694848665,0.006878621984614669,-0.0020047032436400765,0.004668628807284849
22080.5,22124.150390625,21969.80078125,22032.30078125,292400,-0.0029482333845447517,0.0070056055837053165,0.002187661616848416,0.0058619633280555875
21647.25,21851.5,21550.44921875,21571.94921875,456000,-0.020894393512082443,0.013955659648425808,0.003490680442755249,0.012872244921002179
21414.19921875,21539.400390625,21285.55078125,21462.25,387300,-0.0050852715087356115,0.011827725861687382,-0.0022388510640776248,0.012980854290080212
21615.19921875,21670.599609375,21575.0,21622.400390625,343100,0.00746195718645537,0.004421322686099639,-0.00033304220368254167,0.012071917372595414
21716.69921875,21750.25,21192.599609375,21238.80078125,449700,-0.01774084294273448,0.026256208924813867,0.022501196862390528,0.011555428109299931
21185.25,21482.349609375,21137.19921875,21453.94921875,407500,0.010129971071150878,0.01608796530213424,-0.012524464191197316,0.014132672768614251
21454.599609375,21459.0,21247.05078125,21352.599609375,418100,-0.004724053755400193,0.00992615525169789,0.004776935917218072,0.011195735671424805
21433.099609375,21763.25,21429.599609375,21737.599609375,376700,0.018030591452244726,0.015348998814068832,-0.014007986413949548,0.014016320225112514
21775.75,21813.05078125,21501.80078125,21522.099609375,375100,-0.009913698102483215,0.014461878982495737,0.011785578323153481,0.01465857927146787
21487.25,21741.349609375,21448.849609375,21725.69921875,410600,0.009460025419002926,0.013463318121773626,-0.010975445086904748,0.01153436784138862
21780.650390625,21832.94921875,21658.75,21697.44921875,332500,-0.0013003033741542103,0.008028557504329336,0.0038346061343976384,0.011293702401961807
21812.75,22126.80078125,21805.55078125,21853.80078125,442800,0.007205988175093214,0.014699960122068298,-0.0018784275404038879,0.010679492491162255
21921.05078125,21964.30078125,21726.94921875,21771.69921875,440800,-0.0037568550808078083,0.010901839131398182,0.006859894627396697,0.007983260519082769
21825.19921875,21951.400390625,21737.55078125,21929.400390625,371000,0.007243402101531293,0.009751730807305724,-0.004751665345102042,0.005886604472478357
22045.05078125,22053.30078125,21860.150390625,21930.5,346300,5.014315737827957e-05,0.008807386544994415,0.005223354745673833,0.00505887126329432
22009.650390625,22011.05078125,21665.30078125,21717.94921875,491100,-0.009692017110872975,0.015920011439270694,0.01343134054403085,0.007283955516865429
21727.0,21804.44921875,21629.900390625,21782.5,349200,0.0029722318898448563,0.00801325964076667,-0.002547916905772983,0.006467733136750614
21800.80078125,21831.69921875,21574.75,21616.05078125,287400,-0.0076414194307357075,0.011886964059729197,0.008546889617795225,0.0071351187005350815
21664.30078125,21766.80078125,21543.349609375,21743.25,365800,0.005884480011507653,0.010276806451427454,-0.003630975992549412,0.006737744675435374
21578.150390625,21870.849609375,21530.19921875,21840.05078125,359100,0.004451992284961959,0.01559750909175785,-0.01199174824491916,0.007286430799879418
21906.55078125,21953.849609375,21794.80078125,21910.75,345400,0.0032371361888359207,0.007258940388850222,-0.00019165107310338534,0.0053919871538382486
22020.30078125,22068.650390625,21968.94921875,22040.69921875,343900,0.005930843022260657,0.004523503128711285,-0.0009254895816847348,0.005708464655145865
22103.44921875,22186.650390625,22021.05078125,22122.25,0,0.0037000088082788096,0.007485658528178643,-0.0008498584569833538,0.0012351072263543476
22099.19921875,22215.599609375,22045.849609375,22196.94921875,295700,0.0033766555730090353,0.007647447328329713,-0.00440375832897926,0.0011063346778104185
22248.849609375,22249.400390625,21997.94921875,22055.05078125,364500,-0.006392700010330099,0.011401069730874075,0.008787049735100007,0.004801048652458986
22081.55078125,22252.5,21875.25,22217.44921875,343500,0.0073633218581414805,0.01697989702983666,-0.006116743473202633,0.005391527374730599
22290.0,22297.5,22186.099609375,22212.69921875,226000,-0.0002137959201901074,0.005015166753393285,0.0034800264699370487,0.005194949106109211
22169.19921875,22202.150390625,22075.150390625,22122.05078125,207800,-0.004080928508836235,0.005740878242067931,0.0021312869211909426,0.005549460759698105
22090.19921875,22218.25,22085.650390625,22198.349609375,252200,0.003448994348646428,0.005973399451236653,-0.0048720014112817196,0.0055605137088369175
22214.099609375,22229.150390625,21915.849609375,21951.150390625,203000,-0.011135927809948543,0.014272636088530738,0.01197883546286948,0.0071161232360119914
21935.19921875,22060.55078125,21860.650390625,21982.80078125,360200,0.0014418556686905948,0.009093490525352117,-0.002165400258760533,0.005754685004198338
22048.30078125,22353.30078125,22047.75,22338.75,351500,0.016192168700068565,0.013678060824799955,-0.013002035420513681,0.010123503968772637
22403.5,22440.900390625,22358.30078125,22405.599609375,298800,0.0029925402887358565,0.0036865609854260938,-9.370913573415267e-05,0.009690694137511478
22371.25,22416.900390625,22269.150390625,22356.30078125,296200,-0.00220029050703785,0.006608875119622492,0.0006686803374258481,0.009892432826551657
22327.5,22497.19921875,22224.349609375,22474.05078125,312300,0.005266971542034149,0.012140651101609026,-0.006520888587306506,0.006955732556882877
22505.30078125,22525.650390625,22430.0,22493.55078125,379900,0.0008676673462120199,0.004252347330806104,0.0005223719507101776,0.007028132326927841
22517.5,22526.599609375,22307.25,22332.650390625,277900,-0.007153178801771132,0.009821924650156192,0.008277101290789821,0.004833428831292945
22334.44921875,22452.55078125,22256.0,22335.69921875,299200,0.0001365188668460693,0.00879984903651473,-5.59642206746172e-05,0.004544820943445145
22432.19921875,22446.75,21905.650390625,21997.69921875,493300,-0.015132725270416536,0.024598009273341975,0.01975206569010857,0.008021617580156501
21982.55078125,22204.599609375,21917.5,22146.650390625,426700,0.006771215952804832,0.012963568048039149,-0.0074096807634831206,0.008436190749821834
22064.849609375,22120.900390625,21931.69921875,22023.349609375,661500,-0.005567468627318717,0.008590935313239545,0.001884363674739745,0.008205000024952724
21990.099609375,22123.69921875,21916.55078125,22055.69921875,356300,0.0014688778023679294,0.009392059414915256,-0.0029742702203352698,0.008331379759875432
21946.44921875,21978.30078125,21793.099609375,21817.44921875,344200,-0.010802196640288697,0.008488672072436287,0.005912698533481031,0.008894712058811337
21843.900390625,21930.900390625,21710.19921875,21839.099609375,312400,0.0009923428906801757,0.010105781640386781,0.00021982505395685544,0.006828027983654713
21989.900390625,22080.94921875,21941.30078125,22011.94921875,353200,0.0079146856998078,0.00634421041554312,-0.001001675403930997,0.007181290382299281
21932.19921875,22180.69921875,21883.30078125,22096.75,388700,0.0038524885010076115,0.013458922126557072,-0.007446831830472807,0.006981510387248005
21947.900390625,22073.19921875,21947.55078125,22004.69921875,328400,-0.00416580634029895,0.00571007293719044,-0.0025812135653552693,0.007272114110176092
22053.94921875,22193.599609375,22052.849609375,22123.650390625,409100,0.005405716783151604,0.0063619699965808294,-0.0031505276319380004,0.004632698563916119
22163.599609375,22516.0,22163.599609375,22326.900390625,410500,0.009187001078543977,0.01578366833100451,-0.007314082044212886,0.005242736270065494
22455.0,22529.94921875,22427.75,22462.0,0,0.006050979178091831,0.004549871727806963,-0.00031163743210755945,0.004994193082936081
22458.80078125,22497.599609375,22388.150390625,22453.30078125,289500,-0.0003872860275131451,0.004874526904364875,0.0002449528491861146,0.0053842254076266905
22385.69921875,22521.099609375,22346.5,22434.650390625,309600,-0.0008306302403686683,0.007782586594171387,-0.002181944938863667,0.004347552676914984
22592.099609375,22619.0,22303.80078125,22514.650390625,401000,0.003565912488363576,0.013999738538300712,0.0034399476521407373,0.004263733488332259
22486.400390625,22537.599609375,22427.599609375,22513.69921875,242200,-4.224679746289706e-05,0.004885914079743462,-0.0012125429881494028,0.003008522069100274
22578.349609375,22697.30078125,22550.349609375,22666.30078125,227600,0.006778164752814453,0.006483244588219743,-0.00388026139438487,0.0032786228738371282
22765.099609375,22768.400390625,22612.25,22642.75,232400,-0.0010390218270411866,0.006896264394784203,0.005403478348477989,0.003398904992867859
22720.25,22775.69921875,22673.69921875,22753.80078125,276800,0.0049044741142307835,0.004482767559609289,-0.0014745132724220352,0.0033034862941141844
22677.400390625,22726.44921875,22503.75,22519.400390625,357200,-0.010301592814249916,0.009889216181915367,0.0070161726004825875,0.006655516060226184
22339.05078125,22427.44921875,22259.55078125,22272.5,355500,-0.010963897188301042,0.007538374116062408,0.002988024750252554,0.00828917922852226
22125.30078125,22213.75,22079.44921875,22147.900390625,317300,-0.005594325260972033,0.00606381548053414,-0.0010203951154018286,0.006652285662622577
22212.349609375,22326.5,21961.69921875,21995.849609375,456900,-0.0068652458503182245,0.016584982518452744,0.009842765969254676,0.006377431910922896
21861.5,22179.55078125,21777.650390625,22147.0,362500,0.0068717686886063944,0.018146944986905677,-0.012891136497042488,0.007206928504428397
22336.900390625,22375.650390625,22198.150390625,22336.400390625,279300,0.008551965982977361,0.007946669870517724,2.238498555075415e-05,0.008749189915734867
22447.05078125,22447.55078125,22349.44921875,22368.0,231500,0.0014147135985376202,0.004385799467989985,0.0035341014507331904,0.0070169777027939036
22421.55078125,22476.44921875,22384.0,22402.400390625,235900,0.0015379287654238016,0.004126755041334246,0.0008548365483644374,0.0060281493613239465
22316.900390625,22625.94921875,22305.25,22570.349609375,475000,0.0074969296067168845,0.014208872449932802,-0.011229299640300002,0.003429370231699787
22620.400390625,22620.400390625,22385.55078125,22419.94921875,329900,-0.006663626980883297,0.010475028604373163,0.008940750486060911,0.006075891503750951
22475.55078125,22655.80078125,22441.900390625,22643.400390625,292000,0.00996662256880243,0.00944647830868904,-0.007412738655829026,0.006451384736241244
22679.650390625,22783.349609375,22568.400390625,22604.849609375,361900,-0.00170251731563964,0.009508986897256475,0.0033090590091330477,0.006756166747626192
22567.849609375,22710.5,22567.849609375,22648.19921875,445900,0.0019177127972140884,0.0062985312539507576,-0.003547726183390339,0.0067500195254853465
22766.349609375,22794.69921875,22348.05078125,22475.849609375,438100,-0.007609859296553445,0.019872371690621053,0.012924984151826158,0.007156732604499691
22561.599609375,22588.80078125,22409.44921875,22442.69921875,320300,-0.0014749338156797576,0.00799153260273429,0.005297954112652517,0.006437282977751561
22489.75,22499.05078125,22232.05078125,22302.5,297800,-0.006246985595782073,0.011971752045734783,0.008395919739939469,0.0038724729567211243
22231.19921875,22368.650390625,22185.19921875,22302.5,277400,0.0,0.008225587798453088,-0.0031969860441654523,0.00408657579241508
22224.80078125,22307.75,21932.400390625,21957.5,331300,-0.01546911781190452,0.017094369093703744,0.012173552601616759,0.006096408325815632
21990.94921875,22131.30078125,21950.30078125,22055.19921875,265800,0.0044494691449390444,0.00820668170823525,-0.002913145302508922,0.00758357378709433
22027.94921875,22131.650390625,21821.05078125,22104.05078125,278200,0.0022149680905385605,0.014051705384176437,-0.003442878558917987,0.008026701740354292
22112.900390625,22270.05078125,22081.25,22217.849609375,230200,0.005148324587705533,0.008497707229521168,-0.004723644303799583,0.008482760803971248
22255.599609375,22297.55078125,22151.75,22200.55078125,231900,-0.0007786004689536163,0.006567439821048922,0.002479615423392684,0.008473121653009232
22319.19921875,22432.25,22054.55078125,22403.849609375,368900,0.009157377676264788,0.01685867497485566,-0.0037783859515633255,0.0036787647480590116
22415.25,22502.150390625,22345.650390625,22466.099609375,242700,0.0027785403439750667,0.006966051193625674,-0.002263392856754748,0.003707856526577636
22404.55078125,22591.099609375,22404.55078125,22529.05078125,347600,0.002802051667603722,0.008280367865310015,-0.005526198205546068,0.0036578688510548536
22576.599609375,22629.5,22483.150390625,22597.80078125,290300,0.0030516154749500313,0.0064762766426558725,-0.0009381962466272904,0.0035872413336420646
22614.099609375,22993.599609375,22577.44921875,22967.650390625,369800,0.01636661960848307,0.018118979675642636,-0.015393424021915335,0.005984953538604611
22930.75,23026.400390625,22908.0,22957.099609375,261900,-0.0004593757337192361,0.005157462947830256,-0.0011477760615822567,0.006567428451243831
23038.94921875,23110.80078125,22871.19921875,22932.44921875,260000,-0.0010737589261899938,0.010448145342630794,0.004644074384907985,0.007085238526889266
22977.150390625,22998.55078125,22858.5,22888.150390625,217900,-0.0019317094176221072,0.006118920876514552,0.0038884749742143627,0.007605457630358682
22762.75,22825.5,22685.44921875,22704.69921875,269900,-0.008015115627261094,0.0061683610031857735,0.002556773850677594,0.00911630287581957
22617.44921875,22705.75,22417.0,22488.650390625,373400,-0.009515599658179275,0.012839810081283189,0.0057272813569414225,0.004234427303388171
22568.099609375,22653.75,22465.099609375,22530.69921875,572100,0.0018697799732139142,0.008373037551715463,0.0016599746977171252,0.004834312953693588
23337.900390625,23338.69921875,23062.30078125,23263.900390625,569400,0.03254231769535276,0.011881001588683916,0.0031808939497445956,0.017148762276222917
23179.5,23179.5,21281.44921875,21884.5,1006100,-0.05929359941641077,0.08673036995362014,0.059174301446229066,0.033065310124527424
22128.349609375,22670.400390625,21791.94921875,22620.349609375,638500,0.033624236760035675,0.03883455326927954,-0.02175032696205945,0.038076390061574754
22798.599609375,22910.150390625,22642.599609375,22821.400390625,480400,0.008888049244237806,0.011723679382966765,-0.000999096499764604,0.03783400341046021
22821.849609375,23320.19921875,22789.05078125,23290.150390625,473600,0.020539931466807104,0.02280571093752162,-0.020107245912783175,0.038544316335867405
23319.150390625,23411.900390625,23227.150390625,23259.19921875,304400,-0.0013289382574128705,0.007943093752387958,0.002577525189546139,0.03587405692692986
23283.75,23389.44921875,23206.650390625,23264.849609375,305200,0.0002429314342191624,0.007857296788685788,0.0008124011520531703,0.014708316880987317
23344.44921875,23441.94921875,23295.94921875,23322.94921875,295600,0.002497312914139238,0.006259928735025772,0.0009218388205688636,0.008926583141142402
23480.94921875,23481.05078125,23353.900390625,23398.900390625,268300,0.0032564994745150067,0.005434032732407548,0.0035065249543894668,0.0088525312283539
23464.94921875,23490.400390625,23334.25,23465.599609375,223100,0.0028505279152657437,0.0066544385493825025,-2.7716769902617588e-05,0.0019676696192837987
23570.80078125,23579.05078125,23499.69921875,23557.900390625,272200,0.003933450786960613,0.0033683631047008926,0.0005476035814352022,0.0013989770492040664
23629.849609375,23664.0,23412.900390625,23516.0,328800,-0.0017786131162043084,0.010677819755698249,0.004841367978185065,0.0022611052378630927
23586.150390625,23624.0,23442.599609375,23567.0,280300,0.0021687361796223215,0.007697220292145797,0.0008125934834726524,0.0022533156738655637
23661.150390625,23667.099609375,23398.19921875,23501.099609375,609900,-0.00279629951309035,0.011442034419433332,0.006810352873282276,0.002977023940846589
23382.30078125,23558.099609375,23350.0,23537.849609375,239400,0.00156375661610908,0.008841062919023623,-0.0066084553477241065,0.0028148111649687955
23577.099609375,23754.150390625,23562.05078125,23721.30078125,298100,0.007793879853915442,0.008098190362597698,-0.006078974049727524,0.004159672789103162
23723.099609375,23889.900390625,23670.44921875,23868.80078125,287800,0.006218040121837909,0.009194059386820498,-0.006104251872991236,0.004173949283203706
23881.55078125,24087.44921875,23805.400390625,24044.5,515200,0.007361040898544724,0.01173028460250785,-0.00677698512133752,0.00454782496654237
24085.900390625,24174.0,23985.80078125,24010.599609375,354800,-0.0014099020825968367,0.007838172382688732,0.003136147471327564,0.004041840903618156
23992.94921875,24164.0,23992.69921875,24141.94921875,0,0.005470484349075377,0.007095565469790573,-0.006171829732964486,0.0037461483153145452
24228.75,24236.349609375,24056.400390625,24123.849609375,0,-0.0007497161563467802,0.007459390672045485,0.004348410072339104,0.004131312759389836
24291.75,24309.150390625,24207.099609375,24286.5,0,0.006742306607722792,0.004201955047042596,0.00021616947686986597,0.004226959650213808
24369.94921875,24401.0,24281.0,24302.150390625,251200,0.0006444070008029268,0.004937834638958213,0.0027898283499699947,0.0037236545764506995
24213.349609375,24363.0,24168.849609375,24323.849609375,298400,0.0008928929498506211,0.007981894056365558,-0.00454286643662731,0.0032923221740074307
24329.44921875,24344.599609375,24240.55078125,24320.55078125,266300,-0.00013562113637344275,0.004278226634785621,0.0003658814136257258,0.0030131644664797394
24351.0,24443.599609375,24331.900390625,24433.19921875,250500,0.004631820986013446,0.004571616584056753,-0.003364242971788993,0.0029790572946485462
24459.849609375,24461.05078125,24141.80078125,24324.44921875,292300,-0.004450911197766749,0.013124654833043977,0.005566431922356926,0.0032401531636293986
24396.55078125,24402.650390625,24193.75,24315.94921875,306400,-0.0003494426502141934,0.008591085165777413,0.003314761096714589,0.0032454897359481777
24387.94921875,24592.19921875,24331.150390625,24502.150390625,325800,0.007657573644356042,0.010654119086008156,-0.0046608632325877645,0.004723048735084895
24587.599609375,24635.05078125,24522.75,24586.69921875,305400,0.003450669707641296,0.0045675419970305975,3.6621045264724085e-05,0.004690324848331312
24615.900390625,24661.25,24587.650390625,24613.0,283200,0.0010697158254551198,0.002990273813635071,0.00011783978486978426,0.004492681717913467
24543.80078125,24837.75,24504.44921875,24800.849609375,350900,0.007632129743428306,0.013439087228850764,-0.0103645170296034,0.00368503770092997
24853.80078125,24854.80078125,24508.150390625,24530.900390625,343800,-0.010884676251089243,0.014131172729292877,0.013163006065134208,0.007623693834741873
24445.75,24595.19921875,24362.30078125,24509.25,324200,-0.0008825762723847497,0.009502471005844733,-0.002590858553403307,0.006901562328357299
24568.900390625,24582.55078125,24074.19921875,24479.05078125,436400,-0.0012321559717249908,0.020766800438576545,0.003670469503818396,0.006642161042403216
24444.94921875,24504.25,24307.25,24413.5,366600,-0.002677831825905974,0.008069305916808323,0.0012881896798902248,0.006581199608984693
24230.94921875,24426.150390625,24210.80078125,24406.099609375,391800,-0.0003031269840456652,0.008823597904692594,-0.007176500687464223,0.004386387115868767
24423.349609375,24861.150390625,24410.900390625,24834.849609375,383800,0.01756732976027453,0.01812976551426482,-0.016569458099100442,0.008471460012507911
24943.30078125,24999.75,24774.599609375,24836.099609375,355000,5.03324972633834e-05,0.009065448849303673,0.004316344899604698,0.008388356621754427
24839.400390625,24971.75,24798.650390625,24857.30078125,385000,0.0008536433743000504,0.006963733146181744,-0.000720126082173104,0.008194736353306514
24886.69921875,24984.599609375,24856.5,24951.150390625,333600,0.00377553501085659,0.005134016162362253,-0.002583094200707335,0.007539621211259428
25030.94921875,25078.30078125,24956.400390625,25010.900390625,431300,0.0023946791656728195,0.004873890532573259,0.000801603613299545,0.007209205374180737
24789.0,24851.900390625,24686.849609375,24717.69921875,345000,-0.011722935491954689,0.006677433032472461,0.0028846042918069686,0.006201319275034063
24302.849609375,24350.05078125,23893.69921875,24055.599609375,487000,-0.02678645789462286,0.018970699958031797,0.010278272170095531,0.013013373982669597
24189.849609375,24382.599609375,23960.400390625,23992.55078125,312300,-0.0026209626510589334,0.01759709597363635,0.008223336898350449,0.012622973475395332
24289.400390625,24337.69921875,24184.900390625,24297.5,317600,0.012710162480444431,0.006288664600267517,-0.0003333515536577837,0.014946807577408808
24248.55078125,24340.5,24079.69921875,24117.0,311900,-0.007428747813561065,0.010813981061077248,0.00545469093378115,0.01433105189076519
24386.849609375,24419.75,24311.19921875,24367.5,215100,0.010386864037815746,0.004454736072637734,0.0007940744588078383,0.015900097774464852
24320.05078125,24472.80078125,24212.099609375,24347.0,279900,-0.0008412844977941925,0.01070773285723087,-0.001106880467819444,0.008694843765888792
24342.349609375,24359.94921875,24116.5,24139.0,239700,-0.008543146999630324,0.0100853067132027,0.008424110749202535,0.00987948938477458
24184.400390625,24196.5,24099.69921875,24143.75,303300,0.00019677699987563635,0.0040093515402536885,0.0016836817240486667,0.007567094069870283
24334.849609375,24563.900390625,24204.5,24541.150390625,271600,0.016459762490292462,0.014644806168593264,-0.008406320729317126,0.009876420259801713
24636.349609375,24638.80078125,24522.94921875,24572.650390625,243600,0.0012835584110202358,0.004714654734362716,0.002592281163708032,0.00910581214609705
24648.900390625,24734.30078125,24607.19921875,24698.849609375,238300,0.005135759339910173,0.00514605192185776,-0.0020223297659596527,0.009079254868672922
24680.55078125,24787.94921875,24654.5,24770.19921875,257100,0.0028887826964991703,0.0053874907331784615,-0.0036192053486650967,0.006566936284643335
24863.400390625,24867.349609375,24784.44921875,24811.5,220300,0.001667357653657442,0.0033412083358523264,0.002091787704290349,0.006315342600803196
24845.400390625,24858.400390625,24771.650390625,24823.150390625,206800,0.00046955607782672715,0.0034947216060360743,0.0008963407001072351,0.0018146284884162224
24906.099609375,25043.80078125,24874.69921875,25010.599609375,210300,0.007551387144671073,0.006761195858599639,-0.004178228496402345,0.00282825657075871
25024.80078125,25073.099609375,24973.650390625,25017.75,223300,0.0002858944102370753,0.003975146396058798,0.00028183114988358267,0.0029731957902170304
25030.80078125,25129.599609375,24964.650390625,25052.349609375,220400,0.0013830024432652799,0.006584181576656319,-0.0008601519801933499,0.00300920486100166
25035.30078125,25192.900390625,24998.5,25151.94921875,354000,0.00397565940632294,0.007729038768895117,-0.0046377494040518415,0.0030698149205453536
25249.69921875,25268.349609375,25199.400390625,25235.900390625,638200,0.003337760073577778,0.00273218778338554,0.0005467935723080517,0.002796950082869544
25333.599609375,25333.650390625,25235.5,25278.69921875,222800,0.001695950113232314,0.0038827310604731906,0.0021718044172256566,0.001501009104005807
25313.400390625,25321.69921875,25235.80078125,25279.849609375,212100,4.550829989491412e-05,0.0033979014443244423,0.0013271748751842944,0.0015769951165825029
25089.94921875,25216.0,25083.80078125,25198.69921875,253800,-0.0032100820170585243,0.005246271547684985,-0.004315698959535206,0.0028851831226834844
25250.5,25275.44921875,25127.75,25145.099609375,222200,-0.0021270784221717465,0.005873876860481094,0.004191687138344162,0.0026848995540257317
25093.69921875,25168.75,24801.30078125,24852.150390625,311700,-0.011650350298901935,0.014785409430349061,0.009719433704059657,0.005170823115085283
24823.400390625,24957.5,24753.150390625,24936.400390625,254400,0.003390048695012693,0.00819483189930759,-0.004531528136774828,0.00559739140952381
24999.400390625,25130.5,24896.80078125,25041.099609375,251300,0.0041986500501236534,0.009332626058581973,-0.0016652311360316006,0.006364222463888482
25034.0,25113.69921875,24885.150390625,24918.44921875,279200,-0.004897963449619458,0.009171872058275096,0.004637157803666742,0.006495831525495725
25059.650390625,25433.349609375,24941.44921875,25388.900390625,380100,0.01887963282727112,0.01937462367636202,-0.012968265459877006,0.011462994650245356
25430.44921875,25430.5,25292.44921875,25356.5,250800,-0.0012761636040355961,0.00544439418886676,0.0029163811547335003,0.009066550062989905
25406.650390625,25445.69921875,25336.19921875,25383.75,168700,0.0010746751326089488,0.004313783424434924,0.000902167356084109,0.009167811783126026
25416.900390625,25441.650390625,25352.25,25418.55078125,216000,0.0013709866056039743,0.0035171316962313297,-6.492858854161784e-05,0.009208448983267099
25402.400390625,25482.19921875,25285.55078125,25377.55078125,215700,-0.0016129951842196455,0.007748913171135968,0.0009791965185765655,0.00859836020900579
25487.05078125,25611.94921875,25376.05078125,25415.80078125,314500,0.0015072376499098983,0.009281566200897725,0.002803374192819581,0.001525642032269581
25525.94921875,25849.25,25426.599609375,25790.94921875,533100,0.014760441377741573,0.016387546927421094,-0.010274922328463398,0.006467115190995464
25872.55078125,25956.0,25847.349609375,25939.05078125,209200,0.005742385099666292,0.0041886802852299345,-0.002563702140097949,0.006380225131112108
25921.44921875,26011.55078125,25886.849609375,25940.400390625,384100,5.2030021699067674e-05,0.004807218469922603,-0.0007305658968104847,0.0065591293729612594
25899.44921875,26032.80078125,25871.349609375,26004.150390625,278500,0.0024575565157058943,0.006208669364302949,-0.004026325425065485,0.005893153210271895
26005.400390625,26250.900390625,25998.400390625,26216.05078125,370900,0.008148714241454025,0.009631504077669498,-0.008035168698088554,0.005680807179932218
26248.25,26277.349609375,26151.400390625,26178.94921875,490300,-0.0014152231703233875,0.00481108762989586,0.0026471949149267267,0.0039531272329265356
26061.30078125,26134.69921875,25794.099609375,25810.849609375,343100,-0.014060900852023384,0.013195985972166048,0.009703329245854476,0.008177917524820538
25788.44921875,25907.599609375,25739.19921875,25796.900390625,247400,-0.0005404401234794243,0.006527931188438412,-0.0003276041596870021,0.008163803308289969
25452.849609375,25639.44921875,25230.30078125,25250.099609375,423400,-0.021196375260987388,0.016203834591927275,0.008029671293840038,0.011691299072603517
25181.900390625,25485.05078125,24966.80078125,25014.599609375,374900,-0.009326695880144675,0.02071790106949262,0.006688125489216258,0.008704738862194505
25084.099609375,25143.0,24694.349609375,24795.75,374300,-0.008748875168602677,0.018093842316727664,0.011628993249851284,0.007588662409724127
24832.19921875,25044.0,24756.80078125,25013.150390625,333200,0.00876764730346924,0.011481929075900935,-0.007234241550909197,0.011149270673449946
25065.80078125,25234.05078125,24947.69921875,24981.94921875,290600,-0.0012473907279866303,0.011462338666715453,0.0033564859877733594,0.011063567006523544
25067.05078125,25134.05078125,24979.400390625,24998.44921875,261400,0.0006604768849507447,0.006186399375086236,0.00274423272818642,0.007463450327404239
24985.30078125,25028.650390625,24920.05078125,24964.25,210500,-0.0013680536120755926,0.004350205168390799,0.0008432370790230029,0.006255566911150458
25023.44921875,25159.75,25017.5,25127.94921875,206400,0.006557345754428789,0.005661027040513746,-0.004158715822380924,0.004689954415733935
25186.30078125,25212.05078125,25008.150390625,25057.349609375,257200,-0.0028096049048969007,0.008137348674287259,0.005146241477460728,0.00367809868700268
25008.55078125,25093.400390625,24908.44921875,24971.30078125,226800,-0.0034340754096676696,0.007406549362213153,0.0014917124392642615,0.004029959806395175
25027.400390625,25029.5,24728.900390625,24749.849609375,252800,-0.008868227322834543,0.012145512563483854,0.01121424112188813,0.005556772981382687
24664.94921875,24886.19921875,24567.650390625,24854.05078125,290900,0.004210173941240125,0.012816777069004566,-0.007608480571813228,0.006230606233171412
24956.150390625,24978.30078125,24679.599609375,24781.099609375,242000,-0.00293518237799828,0.012053588282337463,0.007063882717447134,0.004647069517699297
24798.650390625,24882.0,24445.80078125,24472.099609375,279500,-0.012469180337869368,0.017824347960029418,0.0133437991207302,0.006360869155346176
24378.150390625,24604.25,24378.099609375,24435.5,284600,-0.001495564743491773,0.009254993375416914,-0.002346979164535205,0.006514487329590225
24412.69921875,24480.650390625,24341.19921875,24399.400390625,216700,-0.0014773427748562273,0.005715352412044577,0.0005450473336266828,0.006043576147601178
24418.05078125,24440.25,24073.900390625,24180.80078125,372600,-0.008959220549493163,0.015150433299920763,0.009811503024497256,0.004983118919103462
24251.099609375,24492.599609375,24134.900390625,24339.150390625,278600,0.0065485676346082045,0.014696454601298625,-0.003617660429261145,0.007404509001043848
24328.849609375,24484.5,24140.849609375,24466.849609375,332000,0.0052466588480091225,0.014045551270864189,-0.005640284801812912,0.006226843244262508
24371.44921875,24498.19921875,24307.30078125,24340.849609375,285200,-0.005149825253829232,0.007842718744972423,0.001257129881087405,0.0066428055029354015
24349.849609375,24372.44921875,24172.599609375,24205.349609375,287000,-0.005566773640794054,0.008256423170917392,0.005969754716702524,0.006995850909909623
24302.75,24368.25,24280.19921875,24304.349609375,38800,0.004090004961616156,0.0036228404653970195,-6.581576551972315e-05,0.005901398650843405
24315.75,24316.75,23816.150390625,23995.349609375,285500,-0.0127137736646451,0.020862359478997356,0.013352603560309009,0.007477946812095468
23916.5,24229.05078125,23842.75,24213.30078125,289500,0.00908305881860727,0.015954073537513682,-0.012257757995548998,0.008621736065306407
24308.75,24537.599609375,24204.05078125,24484.05078125,351100,0.011181870759630508,0.01362310636851126,-0.007159794872842126,0.01011822248819344
24489.599609375,24503.349609375,24179.05078125,24199.349609375,322200,-0.011628025706147627,0.013401138185935557,0.011994124002719275,0.011413975204606798
24207.69921875,24276.150390625,24066.650390625,24148.19921875,298700,-0.002113709312467793,0.008675595149030102,0.0024639518442352796,0.011193640236005754
24087.25,24336.80078125,24004.599609375,24141.30078125,273400,-0.00028567088740283353,0.013760698931890742,-0.0022389340880910615,0.009212969222940605
24225.80078125,24242.0,23839.150390625,23883.44921875,255800,-0.010680930776533315,0.016867312827610254,0.0143342596525477,0.009250456969816832
23822.44921875,23873.599609375,23509.599609375,23559.05078125,304600,-0.013582562322921432,0.015450537603564978,0.011180350173939587,0.006022666538087974
23542.150390625,23675.900390625,23484.150390625,23532.69921875,257700,-0.0011185324376894457,0.008148236554488427,0.00040161869181031516,0.006123876841754139
23605.30078125,23606.80078125,23350.400390625,23453.80078125,263300,-0.0033527151631265184,0.01093214669197573,0.006459507412594541,0.0059729566673605745
23529.55078125,23780.650390625,23464.80078125,23518.5,297500,0.002758581406631766,0.013429836485107469,0.0004698761081701639,0.006777125060371617
23488.44921875,23507.30078125,23263.150390625,23349.900390625,420300,-0.007168807933116472,0.010456164118071636,0.005933593968590437,0.006226010055942824
23411.80078125,23956.099609375,23359.0,23907.25,367600,0.023869464111237804,0.024975670952326178,-0.02072380632444133,0.012209798734460073
24253.55078125,24351.55078125,24135.44921875,24221.900390625,687200,0.013161295867362366,0.008921742679762704,0.0013066848642995068,0.012667796433382193
24343.30078125,24343.30078125,24125.400390625,24194.5,230700,-0.0011312238174179257,0.009006195235487404,0.006150190384178222,0.012297732997345098
24204.80078125,24354.55078125,24145.650390625,24274.900390625,295000,0.003323085437806128,0.008605612680729171,-0.002887740351020042,0.012259649292440937
24274.150390625,24345.75,23873.349609375,23914.150390625,366700,-0.014861029054492936,0.0197540110314851,0.01505384862600554,0.014641092311672342
23927.150390625,24188.44921875,23927.150390625,24131.099609375,282100,0.009072001940535257,0.010828301749808561,-0.008451716749400229,0.01084434367385218
24140.849609375,24301.69921875,24008.650390625,24276.05078125,220400,0.006006820004948565,0.012071519818674173,-0.005569323161056526,0.009359414612017829
24367.5,24481.349609375,24280.0,24457.150390625,339500,0.007460011144599932,0.008232750183855516,-0.003665610637098797,0.009768879664561539
24488.75,24573.19921875,24366.30078125,24467.44921875,348000,0.00042109681465385407,0.008456068944916772,0.0008705762934076795,0.009771693048646286
24539.150390625,24857.75,24295.55078125,24708.400390625,361500,0.009847825562885104,0.022753363627833745,-0.0068498970926591345,0.00373905399593708
24729.44921875,24751.05078125,24620.5,24677.80078125,226700,-0.0012384293961259507,0.005290211328279766,0.0020929108698876475,0.004722246087726753
24633.900390625,24705.0,24580.05078125,24619.0,248100,-0.0023827399277279726,0.005075316574596856,0.0006052394745927941,0.005482109810998125
24652.650390625,24677.80078125,24510.650390625,24610.05078125,261000,-0.0003635086213900074,0.0067919563478653685,0.0017309842126557477,0.004914314313247403
24620.5,24691.75,24583.849609375,24641.80078125,187300,0.0012901233029631864,0.004378754279480323,-0.0008644165837996634,0.0048926865046552805
24604.44921875,24675.25,24527.94921875,24548.69921875,266100,-0.003778196379659149,0.006000349751219952,0.002270996092429159,0.0019302318715576415
24498.349609375,24792.30078125,24180.80078125,24768.30078125,310100,0.008945547808588916,0.02468881516744642,-0.010899059013340042,0.004975363296808855
24753.400390625,24781.25,24601.75,24668.25,187600,-0.004039468921733236,0.007276559950543715,0.0034518212935656157,0.005281270386081379
24584.80078125,24624.099609375,24303.44921875,24336.0,264900,-0.013468730047733413,0.013175969371507232,0.010223569249260355,0.00820460706934289
24297.94921875,24394.44921875,24149.849609375,24198.849609375,235300,-0.005635699812006956,0.010107902372360644,0.004095219854443301,0.008049090836466896
23877.150390625,24004.900390625,23870.30078125,23951.69921875,271100,-0.010213311567061067,0.0056196267390345314,-0.003112465109224538,0.008582450346611205
23960.69921875,24065.80078125,23537.349609375,23587.5,442700,-0.01520556915080562,0.022403865262321146,0.015821906465288818,0.004830565869152846
23738.19921875,23869.55078125,23647.19921875,23753.44921875,189800,0.0070354729729729115,0.009360811579502516,-0.0006420120235827593,0.008903919840928294
23769.099609375,23867.650390625,23685.150390625,23727.650390625,177700,-0.0010861087115143775,0.007691448457623404,0.0017468741349281236,0.008542618363925697
23775.80078125,23854.5,23653.599609375,23750.19921875,177700,0.0009503186263191132,0.00845889286126054,0.0010779514842885363,0.008923417875035049
23801.400390625,23938.849609375,23800.599609375,23813.400390625,176800,0.002661079652128029,0.005805554760437618,-0.0005039179538897028,0.008418707254653022
23796.900390625,23915.349609375,23599.30078125,23644.900390625,364900,-0.007075847935867907,0.01336646900192951,0.006428447466002719,0.005183980767393051
